200,-32.22503546448363
201,-33.784032541615275
202,-1.2500302500260667
203,-52.32675245742176
204,-7.568116300495507
205,8.169307514552688
206,33.683551409395335
207,-0.9363797823839697
208,38.324708152041964
209,-19.520976392029098
210,-7.792996927216797
211,-21.255495343711186
212,16.971199064675183
213,9.051366021091662
214,-16.76859123710567
215,-8.152019779982489
216,28.963958349734718
217,-23.639482914353867
218,27.32175774910499
219,-37.209242772709345
220,-29.793160074248686
221,-18.23085086075439
222,-23.189683721457296
223,-40.51720751031807
224,22.723620574688056
225,41.71119363413437
226,-1.3705870140907497
227,12.883922844454327
228,-17.583974986466192
229,-19.947332518520845
230,-14.343163517824841
231,-17.238589966890125
232,62.45677083515653
233,8.030714152522723
234,-1.0210100146805432
235,-11.659686842929245
236,-41.944650892346246
237,19.518588451975823
238,4.200141947680783
239,1.4630885091767223
240,6.978828769791006
241,9.524004228438807
242,-22.83725994381724
243,26.428631979219393
244,-33.27489344882483
245,19.551371679096928
246,-0.8611963803859581
247,13.762470534318437
248,-26.880793039477165
249,63.123439822757106
250,-43.73538841547544
251,-28.09752042582989
252,20.952049132087893
253,2.3428124688962972
254,38.424523654387514
255,-7.686590139106423
256,16.682373678938802
257,29.76839061432566
258,59.4604657082793
259,-79.50887689058197
260,-19.113155919086434
261,-41.16404754157566
262,-17.787902142321695
263,37.89403737144648
264,61.232740151883824
265,33.27871050099234
266,-13.9312657945432
267,62.26028555006107
268,47.02142214526177
269,19.962066182282793
270,8.076548896678847
271,-26.13081923114607
272,13.543732533358353
273,16.768507981544612
274,-47.674881444540596
275,5.100126458195411
276,60.34953508142344
277,-12.589265053049482
278,-18.42517229674869
279,-2.6422314846929673
280,32.117623403994656
281,-22.248191140713587
282,0.8913948952622424
283,-9.731849911904817
284,23.823006892924802
285,17.392206629808577
286,20.031893885881168
287,16.016464641813243
288,-5.023733265405115
289,-48.72901422103633
290,-54.44655007407226
291,-5.162240489202462
292,26.51891903664187
293,-11.73169650115637
294,5.1260596839273305
295,17.955117883003123
296,-23.655903356238326
297,26.927839223942577
298,-18.847574562437984
299,49.4746449610437
300,22.317487298723147
301,1.440320820772941
302,43.7820468131431
303,8.192617634069672
304,33.73960212409989
305,4.682653167054985
306,15.835204953722824
307,-49.191963761525884
308,28.40332984964283
309,-1.1581025809975554
310,-23.408833874464772
311,-49.28084102194379
312,35.7651693361422
313,40.859523301371794
314,20.579950523035752
315,35.1528783962938
316,20.703442590269905
317,-30.521830241312994
318,-18.02711964807919
319,11.948932365258209
320,-30.95361242483299
321,18.9788648616674
322,-64.18541481721871
323,-15.112781933870803
324,4.263181994613838
325,-25.116355392444074
326,-34.844321444729694
327,-26.991079051230358
328,-47.616909102289696
329,3.7196011989837423
330,-4.7744191171263335
331,-19.09031927392551
332,43.053448958989605
333,4.2228639263205565
334,-11.920403940870438
335,15.992796841954403
336,-32.97757827058113
337,-47.02840942065457
338,3.1284282048289533
339,-8.544367678907157
340,48.2568295759983
341,0.026245248027643164
342,30.274902556947993
343,18.63322913657485
344,40.3293288320735
345,-11.980666065031611
346,-9.748202306600568
347,-66.49884085051876
348,-9.414618413428833
349,-2.669564033445511
350,5.064879261446426
351,-18.738568441444816
352,-4.0201856331490085
353,18.351396902715305
354,-43.48574131852298
355,-12.306600612998173
356,-7.78503530171815
357,36.9237249057723
358,-3.319452462601514
359,-23.47721938925246
360,-7.718582895560016
361,37.82375342429478
362,59.51870535915896
363,40.14596215623559
364,-4.702421706317699
365,7.211475381524886
366,-20.857468851246587
367,-37.97432162182892
368,-11.594346721855917
369,-9.47327241332137
370,-4.608643229045725
371,-35.619970282297366
372,-4.90750225820309
373,8.452440146231972
374,30.783785563106537
375,49.878989502193264
376,34.51291000537613
377,31.228574434001928
378,51.479160080586276
379,-9.116906248006437
380,-46.06715527640829
381,-28.43694963517499
382,-31.69890731821411
383,-23.53479851519075
384,30.64011986902721
385,30.561204142483582
386,8.860151902477625
387,22.566295095097605
388,-25.616324710325316
389,-5.619729656953545
390,-22.995091347261543
391,1.4605965150316995
392,46.21958724584032
393,23.56629625930745
394,-17.398716489396445
395,41.36467182285577
396,50.47878357874749
397,-16.67659915566323
398,32.94034236922022
399,-32.278982385995285
400,-9.24501162682105
401,71.0640184710114
402,18.381944198602106
403,-12.677051305376528
404,-26.060215979626445
405,28.111801014764364
406,-21.13459376987865
407,15.503933551696857
408,2.7694137172830526
409,6.055632861034304
410,17.27391057243922
411,-14.819919905719539
412,-6.216776407553473
413,9.866181964740786
414,-9.538039557345202
415,15.667730001915274
416,-49.21326522665888
417,56.88719907627753
418,-16.85290943435145
419,44.04128649334548
420,-9.916605088419532
421,17.71211790835395
422,-19.77016520842429
423,-7.612369542947426
424,-32.62638231918631
425,31.01944040174261
426,-33.098339909425654
427,35.08235229640234
428,3.5810056416043565
429,14.390314017126503
430,-19.253842828848946
431,39.883725226539184
432,-9.180461530510721
433,3.788873039179506
434,41.91316973355723
435,38.35025886847387
436,24.472268708053043
437,32.87537096031872
438,-12.55763946640256
439,-39.52149239256913
440,-16.732731849897373
441,-12.487128378633805
442,27.419969123819918
443,-48.971130850419385
444,-1.4883072198070066
445,16.431323034902352
446,-1.1336665857135033
447,-7.831571548523423
448,15.552711807785334
449,29.457518787733775
450,61.65270483496619
451,-25.93724403578329
452,-18.91070342804881
453,50.55257648555938
454,-6.446252440942561
455,5.784879180775578
456,15.68113905625042
457,15.794558013503865
458,19.802708297920105
459,-19.32363390968938
460,-21.490642319665543
461,-6.6779083874264975
462,20.074544810167378
463,-13.555454697890246
464,5.59377134783527
465,5.752480716926716
466,4.860225520539338
467,-33.463900550800204
468,-29.778412969239145
469,5.7446830614884306
470,-39.5315491565053
471,1.011413689294757
472,4.765876171115698
473,-11.35542095518763
474,-5.0362153805214644
475,-0.6310785740001423
476,63.14998057928438
477,27.65850155072032
478,-13.476405345664066
479,-39.22493392160202
480,39.18950251877828
481,-11.640181466943972
482,-2.972211876159779
483,22.624186944510118
484,3.3601310603857555
485,34.08069031669902
486,26.488209387366368
487,32.7633401210096
488,-7.267382593508174
489,-10.188865979694809
490,12.519449662178406
491,-23.61954722441282
492,1.9944629757733048
493,41.36937435282276
494,64.87533302302158
495,14.291202487165817
496,44.580713027310544
497,49.2192347855831
498,-3.5321466777696173
499,-30.946643647712772
500,-18.182962419648494
501,-10.921332180076554
502,31.472685070799802
503,13.396487877509506
504,8.863382291580026
505,-11.703430108000829
506,41.493285036984624
507,5.904210621449753
508,6.676351048470417
509,-1.851812210933022
510,17.229026382864294
511,20.32458007203001
512,-35.50370298052878
513,33.68313824960278
514,-5.678819914383302
515,-3.26825335876577
516,43.89595073731138
517,24.30627341936892
518,23.324640087453762
519,-25.92663884790394
520,22.82846632127226
521,5.904399686557655
522,-11.091050340008204
523,43.116819127753004
524,-33.24558301030622
525,46.206696921825895
526,18.09550234166109
527,7.387465390896543
528,15.025390262159942
529,-53.12225074473267
530,-7.361987592397597
531,-49.14748063020519
532,21.387308858137086
533,-35.862706175960874
534,7.527831822214239
535,20.130978930403973
536,-18.989397737819267
537,-4.555249246830128
538,2.4520736115186956
539,13.520047516807436
540,8.664906252851516
541,-45.948779438108836
542,17.38803981644314
543,-65.77864112527266
544,23.91356947770582
545,15.505659678867444
546,63.847074509133606
547,14.896318893084729
548,-12.973934710325668
549,24.34858561845833
550,-14.184779968412508
551,-48.281150437896606
552,-7.061250748574933
553,-60.83309388344435
554,-80.26104114183593
555,35.22737166940546
556,-5.137011405804707
557,22.743015735680817
558,0.5849672578161029
559,-23.924180045253326
560,19.376347765923665
561,-15.159540967812553
562,-8.765287331756927
563,-2.2236635244599032
564,-9.57014045604745
565,27.203241832986432
566,18.131742482704755
567,-20.013256919640178
568,-34.1716733195981
569,-46.566648045032295
570,-9.22764661464226
571,55.81659373188787
572,45.27541535881397
573,36.43008614568623
574,35.9470424831663
575,3.8058896373917355
576,6.758215296219038
577,53.46608949727155
578,5.9692032636534655
579,29.275727018384764
580,47.49938208067815
581,48.04521422430503
582,7.588345514337405
583,20.37477457302444
584,35.9889670776109
585,-18.802188010971253
586,-24.72863060003514
587,-2.5043130027690585
588,42.06437593714698
589,-15.288849289262753
590,-27.965563752477195
591,-11.300794409461467
592,11.485621910974256
593,54.21791102389791
594,52.85041109930376
595,-14.772940967234039
596,13.10616836354691
597,11.619074992541838
598,5.064994429002661
599,-4.094628759279797
600,12.063784704880938
601,-47.38622564862857
602,-38.06884088753541
603,80.9156506151752
604,-27.814114760506385
605,-1.014799280923608
606,23.560001392188596
607,39.195086207141486
608,36.16705437118244
609,24.54642864190313
610,39.91526965953282
611,0.5893269462655093
612,-28.28954466411054
613,41.5584779782252
614,20.745048634735774
615,48.32931301478701
616,-7.5337562562152876
617,-48.59790902540719
618,28.455454305509353
619,0.6439520650349617
620,-1.0257955710820839
621,4.08706887750915
622,26.800775059403207
623,14.276274584272315
624,7.58555782330887
625,3.938163335275486
626,38.3933431419689
627,35.19603109296635
628,37.62586864225056
629,-0.15144157784368595
630,-34.79951488447513
631,-40.76877052005914
632,-8.26724925921829
633,-7.082778065238338
634,63.253612920612454
635,-37.37622485565417
636,0.6825906987119799
637,-43.27430736623884
638,15.310099250830852
639,-8.869435464122809
640,48.2293423504918
641,-1.11153381823694
642,24.6500747333544
643,-18.127055110928723
644,22.201655690767364
645,19.180768683527006
646,47.451144224187836
647,-26.331550539616384
648,27.945662157700717
649,-41.69083868544512
650,28.3860240961699
651,12.800161313858395
652,-30.70296100288898
653,65.2821920465396
654,41.826687634651506
655,28.403306566996655
656,-7.509669541701813
657,20.439129192225668
658,-29.2826885657668
659,5.648814703418067
660,20.14269820245045
661,11.659218441728903
662,16.09826288229696
663,9.283141984594797
664,26.28263321252021
665,4.941310228529687
666,0.9026076673363606
667,2.834874773371343
668,-39.60124103021398
669,2.9393434642252636
670,17.435691174143578
671,-13.490197553688635
672,-62.66778877566423
673,-49.4764716418682
674,42.37812361140959
675,34.46564298638599
676,50.40174649204687
677,10.624258365834653
678,25.0032456265629
679,12.703934195237192
680,-31.628379457563963
681,20.70575060673283
682,-14.801033134186959
683,51.51738621372444
684,-1.7936298961132628
685,3.6233620240623057
686,7.1354864916070895
687,30.648226579870304
688,3.525446658881107
689,-29.025137212636917
690,42.69546411330355
691,-10.99480279064287
692,12.126555971415659
693,15.981795039633532
694,13.860531106889379
695,-16.536237871938972
696,-45.40917553657365
697,18.918307594890667
698,0.637722236684334
699,3.6728958763113972
700,-6.586963221117001
701,16.497702785179087
702,-64.3733985257842
703,-23.44338822501662
704,-34.43971438882312
705,-10.29161618696482
706,4.114862747647743
707,-20.58365992625836
708,34.83333815918889
709,19.797365968997553
710,-24.503000477970968
711,47.10305534967052
712,45.27430795383907
713,17.597705633881993
714,28.612379690332613
715,-12.896845928080213
716,-44.289808948323255
717,-6.063501173851828
718,38.395300462831706
719,-6.361251701336173
720,-5.027180620662544
721,-58.743999043671764
722,19.91471727727718
723,-14.636045397536348
724,26.15360815943113
725,-16.450045628111884
726,-6.325440971122806
727,32.35062599232901
728,24.967092722694538
729,23.91782547477243
730,-22.8101638880909
731,3.4840677981555754
732,29.877168203912277
733,64.5797411189385
734,4.709873670363079
735,-10.452797705135936
736,-17.71891719352632
737,-9.828033872504765
738,61.44639973719419
739,-5.045452233719805
740,20.43346481384701
741,-20.33503174443964
742,11.089460098870157
743,3.649366662839137
744,17.683019069804885
745,-47.158532042016425
746,40.4560925855041
747,-11.874049963759756
748,-35.032583008148094
749,29.725898032156735
750,-31.228435265596776
751,33.29207526956934
752,24.774226915015973
753,20.675120193962396
754,-48.57362746517537
755,61.97007638306244
756,33.55645814231015
757,28.097413861566764
758,16.886236936780648
759,-88.8224876054969
760,24.552890926653266
761,-36.517335585131605
762,66.1231075687226
763,13.481762951643134
764,2.3968327025177527
765,-6.5315996233720295
766,-25.44823475413644
767,-10.174730533286656
768,32.48712033393474
769,-3.757796021074134
770,29.742538407724936
771,-21.655044853914085
772,-53.67683992171165
773,2.3232885641106686
774,-12.308250166153737
775,0.9331076632555364
776,-23.462148996257692
777,-7.671962393794658
778,-32.430763452346056
779,15.668540954847272
780,-11.387241224539059
781,17.914520462712904
782,25.593219213432526
783,39.94910526536497
784,-40.07866263639996
785,-13.933971211791105
786,23.476878769166625
787,45.41145309116628
788,5.397168983210885
789,54.11413094868081
790,-5.020457890629424
791,1.7593074922389376
792,11.841647388264429
793,-24.30827769794724
794,-13.593167505886093
795,27.61693479692863
796,-44.606084220563886
797,54.96226135015793
798,31.593004418141547
799,6.5001190260667165
800,30.504612870933727
801,-3.8279342158146763
802,7.205266287792849
803,-51.09699432044961
804,-3.720135626875305
805,40.02750819095972
806,-3.2588706338408686
807,31.450106270340076
808,30.60433609543356
809,-89.34305743685987
810,56.01117105198466
811,17.112601121505907
812,12.536347447956416
813,-18.104240462121865
814,1.4301673751627337
815,-51.284545670144986
816,-0.38096927519391466
817,78.01522975418139
818,-30.748628926191984
819,67.53341483571732
820,2.355799060004722
821,-48.21375283525449
822,18.634878297700062
823,64.56938057679623
824,-82.26224265456612
825,-66.44971511865461
826,-1.5301236069164776
827,12.772040776282216
828,20.60161735560262
829,13.04201786567236
830,-7.355762008361268
831,20.179832206908845
832,47.20565281566884
833,0.052527448407183375
834,16.835387159283833
835,30.315959714517813
836,-19.81340233629731
837,32.547504627500764
838,-52.972748749025534
839,2.898314538799444
840,-36.60962237901437
841,-28.240322121357906
842,52.288019898088926
843,-59.50599471945371
844,-9.784431774358696
845,-30.96702555197164
846,13.4547796356585
847,-39.96528094020342
848,14.447920019670532
849,14.18208054010921
850,11.21014668218525
851,10.346035358554152
852,-28.780503146476413
853,18.499406683402448
854,22.87076252017803
855,15.594681167134201
856,-24.57599144046084
857,2.113748391810113
858,25.725486734043578
859,20.874275151559907
860,-28.067053112530765
861,40.697370889835454
862,41.98829272212525
863,12.574723517671563
864,20.10574825969697
865,-10.133660278685213
866,87.02227918001373
867,9.377204344938527
868,0.42634225856748253
869,-6.781648997369149
870,-11.653589322999235
871,27.743975986654945
872,81.6407344967003
873,-39.85423877505853
874,-37.92813130021853
875,22.464228300505134
876,58.491358419554615
877,-16.585680008963653
878,-9.693400517599454
879,32.999543447607905
880,-8.961296696074658
881,-2.2185326259925775
882,35.13927850759728
883,-18.471729920450827
884,6.353244215162496
885,1.7179890742301964
886,-15.750502525519057
887,-24.904563772064922
888,10.924635279028449
889,21.543927113260693
890,39.561152190100444
891,-0.12009486874973785
892,49.19051413745708
893,27.398430930896193
894,11.43204349595403
895,79.99542921582592
896,34.93311605547091
897,-21.252339106876278
898,-31.771935227068695
899,-9.127380807555076
900,38.43670631896039
901,37.87201303862321
902,-16.82189268171404
903,51.19025937161052
904,57.229008464738186
905,-34.611455447975494
906,-2.4593363608237864
907,-5.706834900975036
908,-10.398769361198566
909,13.980188141919154
910,2.5955074808779264
911,-73.13183136098128
912,12.58953748282969
913,-37.15612813511131
914,-15.42686659364345
915,22.209662535743533
916,17.874053070544196
917,10.748876819210043
918,-29.905385419926887
919,-25.76787404765698
920,8.7055174771581
921,-11.365077038688227
922,-49.73059298843114
923,-18.0657852323108
924,22.706735386974703
925,14.049218811050508
926,42.67158277601256
927,17.875425853410693
928,32.06388341715953
929,46.284426395236466
930,22.516557089059503
931,-11.534983151669703
932,-35.734117779163
933,73.59432795982644
934,-15.452319452972132
935,-4.538959323060687
936,-1.0667920571828757
937,-21.46260742289393
938,29.109855232313947
939,-13.03188159957749
940,52.5526217897367
941,-47.35528166918601
942,67.225537958815
943,12.111578665886398
944,22.273999379418466
945,12.777335628716138
946,-51.324408882731674
947,9.09540103630215
948,-36.043631402961154
949,-61.94052590568915
950,-6.779497639791173
951,6.463523259991329
952,-8.736793304588884
953,-14.140244869152701
954,-42.33926225292217
955,23.099817474067994
956,4.210336671411608
957,53.31247561014495
958,1.4127723880419079
959,-51.116813777535896
960,21.736473560025193
961,1.889017793642961
962,-15.78975138786021
963,-8.091774008976403
964,-3.613618325024879
965,91.38621524691332
966,-13.478707033700289
967,-36.00257253605857
968,50.34172319022649
969,53.07564045340232
970,-47.16653116150444
971,44.375900596575
972,-21.029455220425945
973,31.332743477395777
974,9.507387436882388
975,77.32007248484474
976,37.40488235537004
977,19.665534919760894
978,10.534566770314163
979,70.27062503766268
980,2.8389174132801607
981,-54.31126505842997
982,30.939198891521105
983,65.85253461760826
984,-19.01808590080806
985,23.48484274697726
986,56.61503683245888
987,49.16032694654163
988,59.65309471405696
989,39.21252026682043
990,34.89997958794237
991,41.112647786557616
992,54.4943169950443
993,49.049079490715975
994,58.33661731991406
995,12.351841327912055
996,93.64481195441462
997,57.26864476018469
998,82.35005041668975
999,63.112851768156375
1000,113.94343726112483
1001,132.2721028455519
1002,138.53997240931602
1003,172.38084364047938
1004,134.51952532400716
1005,192.4637140317543
1006,212.75029269407923
1007,191.9582455001911
1008,242.8712800148873
1009,263.3261409443628
1010,200.79002038022833
1011,255.6236529174137
1012,308.1951676489001
1013,302.1053725089528
1014,340.6904512632537
1015,357.4174089809976
1016,393.85333370278033
1017,404.6319271967351
1018,457.83128689531753
1019,492.9254708494363
1020,562.7345541742543
1021,487.8203932084019
1022,563.6303817519055
1023,625.604534394031
1024,619.237485558808
1025,652.1647864421243
1026,699.9605672353293
1027,752.1246535226378
1028,768.3779965539297
1029,830.0310810243733
1030,863.0120853912659
1031,917.3579732623081
1032,977.7713713913877
1033,971.6345640749993
1034,1120.9642115750546
1035,1053.014989645983
1036,1166.5234732809977
1037,1225.8179289646812
1038,1247.5261159757983
1039,1256.699652467314
1040,1380.6321184120172
1041,1376.9542181198024
1042,1402.6679329155522
1043,1398.8456101327708
1044,1470.1332474923745
1045,1511.3269861478368
1046,1495.8431271118561
1047,1570.9392759879477
1048,1594.7505354488887
1049,1673.744108695747
1050,1698.0958714481367
1051,1687.1094313855167
1052,1733.1906527122492
1053,1777.556326684983
1054,1802.0025229355244
1055,1770.3714827144747
1056,1775.0587168843465
1057,1785.9263968019472
1058,1791.455646869847
1059,1812.465090125882
1060,1834.434631233081
1061,1859.1551137608103
1062,1842.6071654854309
1063,1777.4910068640263
1064,1873.3590453513157
1065,1850.6732250785903
1066,1766.3973049492968
1067,1776.7065100122288
1068,1796.0547524252327
1069,1760.518784668564
1070,1732.1537265462816
1071,1751.568019181545
1072,1700.8801762769042
1073,1704.630069525071
1074,1612.1318581486926
1075,1576.8373359786071
1076,1565.609906107075
1077,1603.5470797009305
1078,1591.862620114358
1079,1547.2022082132687
1080,1513.735150800525
1081,1493.0056129007119
1082,1467.8569949561042
1083,1448.9153519705358
1084,1387.1467101547835
1085,1325.8335562076095
1086,1397.7757074803026
1087,1290.3097118432033
1088,1316.2543382510867
1089,1255.0698784412164
1090,1275.3634366028964
1091,1280.5441137481089
1092,1239.2685434333034
1093,1211.3143166927157
1094,1241.3531131344926
1095,1135.5593530193821
1096,1179.1149033166923
1097,1199.0142941363945
1098,1182.1097518314327
1099,1151.6413107670724
1100,1170.9168820694765
1101,1148.3648384852236
1102,1223.8959697012876
1103,1203.1005683079968
1104,1209.9998412016994
1105,1216.4362420962277
1106,1205.05119011739
1107,1212.1549380693114
1108,1278.0146272798372
1109,1252.0160448788788
1110,1259.4336860828655
1111,1225.4286561031665
1112,1298.5467377073905
1113,1340.9435396067804
1114,1284.1910470147182
1115,1319.5831231228701
1116,1370.8333872541423
1117,1358.6042539532411
1118,1444.9552979314394
1119,1405.598046033109
1120,1392.7599511945784
1121,1445.0972064313164
1122,1361.0199261478074
1123,1467.681801060011
1124,1446.2837174371386
1125,1423.5513564278378
1126,1453.1137469985367
1127,1446.2777888477415
1128,1478.1546791683268
1129,1432.9988734271749
1130,1403.5631872405086
1131,1432.9045587958667
1132,1432.4077847714686
1133,1421.8946891429073
1134,1399.598528912184
1135,1380.3429612196526
1136,1351.473373719727
1137,1357.2970801392214
1138,1336.6847117088853
1139,1333.6049418373718
1140,1320.4976014330143
1141,1269.67705356973
1142,1263.9293214090105
1143,1261.6814226434694
1144,1216.1473907801412
1145,1155.6578518384915
1146,1153.280010700888
1147,1136.840844598097
1148,1047.7287413676574
1149,1064.6943647882958
1150,1008.4722057679827
1151,1000.4971434492816
1152,900.1758911746786
1153,898.1374486321762
1154,867.3405865526091
1155,884.5293044611869
1156,874.7522538528634
1157,834.8634370427421
1158,707.3379308765408
1159,744.6569420329507
1160,711.9218310765415
1161,619.1911459244961
1162,667.9273015459066
1163,604.466859150133
1164,548.2807664909944
1165,470.2265080640084
1166,548.3404830985712
1167,497.5498698904249
1168,439.7196744793012
1169,444.3320096286307
1170,398.3139754147589
1171,392.8752571255478
1172,346.87993709313724
1173,300.9234800604388
1174,275.4200809622313
1175,240.25053802195558
1176,261.86511946097863
1177,202.7191438679547
1178,247.96645239656294
1179,205.56728924741844
1180,203.96374207153423
1181,133.52296829422727
1182,149.5913953301189
1183,192.12923905991408
1184,101.82585053676618
1185,131.1763369063343
1186,100.64876844762695
1187,196.87167456321862
1188,67.5944707241087
1189,130.71601631569567
1190,115.21958259467701
1191,82.00488212855169
1192,90.22420518868552
1193,114.86222598052206
1194,77.07537274801395
1195,106.47193644704365
1196,47.02990663821421
1197,43.10924735374158
1198,24.200992501128418
1199,57.41909827358675
1200,73.29494006868477
1201,41.550547881485116
1202,29.39381275921859
1203,30.657679760400192
1204,30.279021009503925
1205,68.31606442968034
1206,11.048478250989909
1207,5.921694115646375
1208,101.87222864923365
1209,48.150987347136855
1210,61.43661434731609
1211,70.10569690055715
1212,57.903689417727705
1213,136.0232527566371
1214,32.559749086429356
1215,43.20145299547433
1216,100.68305962429457
1217,129.2221278601257
1218,57.13250171678355
1219,70.88935988846185
1220,84.47621671208505
1221,65.54466176173875
1222,133.45668252806456
1223,111.82681008603905
1224,96.70726859569567
1225,139.8032428925813
1226,192.00694231786628
1227,187.8603902944101
1228,180.59071001521215
1229,143.50429885331977
1230,138.74478741025808
1231,225.10145025322922
1232,144.73644360341345
1233,226.18871147297006
1234,203.96716820713678
1235,284.0186084252841
1236,306.3154816046233
1237,276.23910570937016
1238,297.8895528824854
1239,253.7655021248744
1240,309.8162767676161
1241,350.5980417993643
1242,346.3434303213661
1243,334.9825061191242
1244,350.1528550675471
1245,403.5960678996221
1246,347.42089525057423
1247,356.98930894171394
1248,387.494621424524
1249,370.0735891154243
1250,483.816214667288
1251,422.4327167425385
1252,456.1518820095704
1253,512.2463324586721
1254,554.6642578552462
1255,500.45178329417536
1256,546.449867791828
1257,504.5275081752049
1258,610.7667157762677
1259,620.7154512848149
1260,625.4984243980541
1261,689.7300939317822
1262,640.4289817309714
1263,663.8987401129158
1264,696.1821732704167
1265,671.8264420425859
1266,712.0635071890523
1267,744.3945505949587
1268,806.3709973558242
1269,802.806722768565
1270,806.6854492704873
1271,755.7587744019947
1272,793.937158702633
1273,857.5419831770874
1274,883.3679835210297
1275,849.8192752134148
1276,806.0037915656786
1277,851.6074070406734
1278,893.7149044765786
1279,904.3379821461363
1280,975.6190847755448
1281,952.6112010720648
1282,984.2008414446922
1283,962.5711632054173
1284,911.685059956043
1285,935.4020444405397
1286,933.5007781875573
1287,1007.4237607980635
1288,1013.3412713249926
1289,990.7230535119593
1290,978.1114085289893
1291,936.8421640710966
1292,1022.2350098954893
1293,995.7514178161765
1294,1019.8580711464691
1295,1009.5730055480251
1296,1041.8588824267479
1297,1002.3501167740279
1298,1043.7096263822589
1299,952.6898833495339
1300,954.5786956550602
1301,1033.0767049962785
1302,980.575423284327
1303,989.4000641788193
1304,964.6830262723867
1305,999.6284236224488
1306,974.2015648342208
1307,964.3249091351199
1308,968.9618680562253
1309,922.1820358173468
1310,935.2504920127482
1311,886.6539934683374
1312,956.7045773238654
1313,918.482121766605
1314,871.7030095654603
1315,822.6383306459833
1316,827.8101163571492
1317,854.7309884377435
1318,810.6925060445529
1319,817.2307472431704
1320,813.4574830971322
1321,841.3013471791417
1322,783.3733426621639
1323,775.5761260694651
1324,772.4157855846164
1325,722.9343329684974
1326,712.7359523347852
1327,760.2067532681632
1328,743.6921193316675
1329,607.7597610501261
1330,696.560907911049
1331,724.6699376113864
1332,591.8232766801503
1333,598.1179165768223
1334,599.64259832851
1335,521.1501005680419
1336,575.1600876493223
1337,531.71875044157
1338,580.2982541291059
1339,528.748646660861
1340,481.93634943878106
1341,491.46932326036847
1342,541.1509535327726
1343,478.3807518263033
1344,482.34339963113763
1345,524.2624816961636
1346,457.3799689196419
1347,489.6362601957403
1348,506.90649116359975
1349,442.5805707814635
1350,467.1971700844028
1351,416.1315611293806
1352,460.40344220559103
1353,498.83458806276394
1354,444.2742637391696
1355,433.7529577797578
1356,467.38503941495776
1357,467.16452857988315
1358,515.0886826014032
1359,483.3211603124289
1360,443.95345425966696
1361,474.52575749537425
1362,527.6845369472192
1363,494.6055353536476
1364,430.1092399657455
1365,507.486326125949
1366,464.26072302347654
1367,545.4536089000914
1368,523.1251224202286
1369,557.9804139107737
1370,561.5001386341264
1371,573.253912805698
1372,617.2551373407648
1373,591.2436557170147
1374,632.5320195976085
1375,628.7664391108885
1376,696.7247880846949
1377,652.9972340877409
1378,696.7552282959685
1379,699.1457084861881
1380,790.1001288181279
1381,785.461153618225
1382,800.0574632665604
1383,762.061122742135
1384,827.8641449168522
1385,843.4137344547531
1386,875.4718175810378
1387,897.1469617976579
1388,944.6120627389411
1389,980.6712341985927
1390,1024.0035841350289
1391,1014.5836497249024
1392,1043.442859585334
1393,1091.4507784185087
1394,1081.2191024389226
1395,1170.238766343731
1396,1161.1939928588106
1397,1150.2142618775051
1398,1227.9590593594655
1399,1262.8032541694777
1400,1290.6811328979447
1401,1320.3510358015728
1402,1326.0102299923185
1403,1444.0861764255997
1404,1385.6819337756697
1405,1465.972770403333
1406,1448.7821305603259
1407,1513.0793189974358
1408,1557.4955099781143
1409,1576.819912113494
1410,1514.9947493197112
1411,1626.2476272436784
1412,1717.0450951368443
1413,1673.5191854288478
1414,1700.4667659138665
1415,1747.120535183323
1416,1774.9871236409563
1417,1803.2052541719836
1418,1811.1481520524726
1419,1854.2333552620296
1420,1894.2820313738787
1421,1920.3404806369954
1422,1904.1030929500141
1423,1912.3356459313272
1424,2000.2537857161349
1425,1992.177018054972
1426,1950.7446509902336
1427,1986.915167125837
1428,2021.7760439913516
1429,2045.8719049063557
1430,2075.6446099891036
1431,2064.189172250232
1432,2032.0171215298546
1433,2025.3039860149843
1434,2076.539262498681
1435,2055.1777668766676
1436,2106.196643534141
1437,2124.249958880976
1438,2111.0902453242375
1439,2085.83169863889
1440,2056.3838909429883
1441,2106.2394937948006
1442,2104.486745178831
1443,2160.974463441804
1444,2049.4334670838984
1445,2108.3726575341616
1446,2081.7731509463615
1447,2066.02548176929
1448,2036.4337310336307
1449,2089.585049107513
1450,2050.08528471524
1451,2028.608496212791
1452,2035.662720232969
1453,2006.0397207516428
1454,1957.6900353591811
1455,1994.6664321408657
1456,1931.188757147796
1457,1941.8933226177924
1458,1895.6406567304684
1459,1879.128343410951
1460,1847.1574985699967
1461,1880.3322563494635
1462,1805.4517823394199
1463,1727.2666701768694
1464,1728.9442979463893
1465,1799.100134531829
1466,1721.6133379165053
1467,1653.4732550568435
1468,1652.7968962224106
1469,1629.7171433764245
1470,1623.5208683596954
1471,1543.4632096219639
1472,1599.9776426335445
1473,1520.8198551879814
1474,1509.6522789089477
1475,1382.81158770034
1476,1445.0715720352052
1477,1342.0945691291815
1478,1350.7864910644373
1479,1245.8561673812783
1480,1221.4151372164645
1481,1201.0582751111763
1482,1192.5130710981107
1483,1235.628576909128
1484,1190.9633696523733
1485,1097.9577946966715
1486,1104.442580718983
1487,1113.2792869821233
1488,1076.5254036116592
1489,1001.071544151944
1490,960.1910527584058
1491,951.9628153616461
1492,945.6689062185857
1493,858.6945207232516
1494,838.0169272935052
1495,783.1390250834978
1496,794.4376843300522
1497,788.7154761081412
1498,749.6472649825384
1499,718.719075588856
1500,691.885828742176
1501,706.5275025779589
1502,609.9942038065925
1503,613.8212858079406
1504,616.4064447214367
1505,597.7827610148001
1506,545.8077090483283
1507,512.9988433675885
1508,528.4964727570701
1509,532.6423356235126
1510,484.6908989218059
1511,453.74159340498613
1512,392.98403591632274
1513,457.5603605133755
1514,381.15231874666244
1515,360.38449614951844
1516,386.3099152168169
1517,362.5289060873041
1518,261.59502493546694
1519,352.1686515970305
1520,248.2589953234982
1521,233.53047505968692
1522,243.06498710700092
1523,249.12624333482623
1524,252.5855013521469
1525,262.80557984961786
1526,195.95373936204857
1527,211.63062159654422
1528,219.56420181949613
1529,185.91942163879713
1530,212.45892102452532
1531,148.38187397475076
1532,115.31555395556873
1533,174.65447252583317
1534,142.4002502126004
1535,179.92077812634224
1536,77.68978514991971
1537,86.02376682385176
1538,118.28134693607625
1539,100.42920466891009
1540,79.18241750404773
1541,77.75413041049885
1542,103.41850516997812
1543,92.79418693017504
1544,71.91570711090453
1545,122.19088393895102
1546,68.21986566806552
1547,43.984599781676465
1548,106.698164973899
1549,82.82917457624882
1550,45.67566733642143
1551,17.996241571024463
1552,48.989026414887554
1553,60.3757210915939
1554,88.29223252385569
1555,47.604614285423764
1556,21.674317831016012
1557,54.90440031048638
1558,54.43684184077463
1559,2.5441564083302204
1560,77.82268621396553
1561,-18.672508240582953
1562,27.328856406015085
1563,-7.371455373222741
1564,32.042622144188584
1565,17.084355789386837
1566,30.658859647633985
1567,37.806463030080224
1568,7.835157811579464
1569,20.32914511529201
1570,53.81660319771953
1571,73.82481597856174
1572,-32.791635026132596
1573,-9.061173695792256
1574,12.278193304231007
1575,30.328347541498054
1576,-6.529360398284954
1577,8.083411408013529
1578,43.06078917821565
1579,17.150118530165805
1580,13.993663610369323
1581,24.14732320855719
1582,15.817655099926807
1583,66.79040329387661
1584,0.4888621756895297
1585,5.465618303029344
1586,21.84749714855498
1587,43.67867655644103
1588,21.90446276209375
1589,43.51148975739821
1590,-0.7807174652303512
1591,-1.1795583150911426
1592,8.028560006730302
1593,13.805697980981513
1594,36.99760203915979
1595,6.224774651271716
1596,80.85655018618569
1597,8.601012203602323
1598,64.1085730852165
1599,9.46333031534885
1600,45.802973818339225
1601,-18.182263425087143
1602,12.320678021442342
1603,-22.145908953084984
1604,-11.0326250080042
1605,-28.0637104097411
1606,46.988904310458295
1607,-19.76706079373291
1608,89.65903748374487
1609,52.355569965472704
1610,53.114178944864996
1611,13.14924115340456
1612,13.30251387955871
1613,-15.34444209997671
1614,-16.249667220770498
1615,-22.379862245859087
1616,-1.3163749186950824
1617,37.48617813235981
1618,2.255859315842317
1619,-38.36276746834388
1620,8.855366209223147
1621,-69.63337282156431
1622,7.349497722317673
1623,63.9495867014041
1624,34.8440735483083
1625,58.7215369984419
1626,28.86512055470717
1627,0.34039277928476785
1628,57.425413865114834
1629,-6.727264532044467
1630,-36.53404138250661
1631,22.618538200390958
1632,3.946144295485209
1633,-35.63493474560697
1634,-9.463912841441376
1635,19.103978630181366
1636,34.03358498758159
1637,39.910999976050526
1638,24.066018289120223
1639,10.567732984494477
1640,-6.884979080424557
1641,29.524265701642822
1642,-41.02065599899848
1643,-11.226500568220729
1644,-9.555574246724023
1645,15.575676186449542
1646,-37.535235380165844
1647,41.01627334845246
1648,37.99121017580377
1649,0.08356435551981534
1650,-5.214665266677425
1651,-56.51039585271048
1652,30.233132061212615
1653,-25.59572787743437
1654,27.405969355882235
1655,25.812375510263756
1656,18.798431702883406
1657,-5.499954866924588
1658,30.483602028619075
1659,89.65692874882201
1660,14.87127139937678
1661,37.187384889269865
1662,15.98655418514683
1663,14.00053109522251
1664,15.310568147471352
1665,4.129995316572124
1666,-18.474143727981883
1667,14.398772851432362
1668,50.8148995699874
1669,37.292031549190185
1670,26.326116085446035
1671,70.61584051875647
1672,12.339755598813275
1673,2.819800367378604
1674,5.583998402476691
1675,-16.115579437828615
1676,32.27558724870224
1677,-17.73743855492522
1678,12.690159461228466
1679,3.138265941480845
1680,22.05508316121994
1681,89.6235977559702
1682,55.03259147693311
1683,-15.283154023519932
1684,-41.76584260604291
1685,-13.928658341132722
1686,10.047048785124687
1687,62.36530346409105
1688,47.096103783512504
1689,31.04453709810919
1690,-24.926406718945593
1691,-28.290198204167332
1692,24.32986611354437
1693,-33.420322405018034
1694,-7.669038511002173
1695,81.1396556784031
1696,17.052732681868736
1697,-16.898994713288207
1698,-35.12223743011675
1699,68.75374735271075
1700,-60.68029441857617
1701,54.596303821121964
1702,52.01364955449916
1703,-11.248676546461294
1704,29.109202669390562
1705,-4.82304041323793
1706,3.365459714091358
1707,7.2102682186344955
1708,26.35478872287549
1709,18.811406637941964
1710,64.79301469064207
1711,-64.36086707356888
1712,-25.738791089683406
1713,-25.216679740371017
1714,-1.0142839196335895
1715,-32.20998739669622
1716,-0.3409893243717548
1717,56.74493837802336
1718,5.578132060397092
1719,28.219586740383157
1720,53.21212403457755
1721,15.18936100581546
1722,25.33159791403005
1723,22.151355339461134
1724,5.196656694986517
1725,10.814975960611948
1726,43.2660556998201
1727,11.94172911769628
1728,-7.953037775122597
1729,18.401413201201514
1730,1.5908914939930225
1731,27.350747023201624
1732,37.32573012498099
1733,-4.651474488480423
1734,-22.755128741396422
1735,-27.680935604553927
1736,14.937898987998038
1737,-28.88333093512224
1738,-12.364172159486206
1739,34.51961944386821
1740,19.10915040264765
1741,7.677710641920498
1742,-48.89137241071697
1743,34.871114167334035
1744,15.408639905351855
1745,25.55136079146901
1746,15.475883165066442
1747,-5.367322401811732
1748,9.185529555107607
1749,58.62210060774147
1750,0.9615501852044286
1751,32.66869393073283
1752,13.191499143581764
1753,-36.906323574110715
1754,64.1391268983251
1755,39.805355340937105
1756,8.7785723165786
1757,-26.763637408075397
1758,24.26367783765619
1759,-40.87514398029013
1760,50.015889477301016
1761,-4.248849084695584
1762,4.029984360661606
1763,9.307869733385434
1764,-13.558776916202003
1765,10.510028276842366
1766,28.02718317542172
1767,-26.492920623018712
1768,-27.810940083237572
1769,38.63592346521378
1770,74.42774155673848
1771,23.04562257308595
1772,-7.567850412130584
1773,-26.862091536956175
1774,29.51998641307339
1775,-62.84750653434301
1776,-7.396332650643268
1777,-11.892086161771504
1778,-33.85304667953046
1779,49.677798423873185
1780,51.5309502820884
1781,28.319606352484296
1782,-39.7663320592978
1783,-7.967064721514854
1784,57.42062773020746
1785,-22.352402837415774
1786,17.20804767577126
1787,-16.10884570028854
1788,27.509250873687986
1789,61.496304838779324
1790,-18.46780377317446
1791,-32.77383663970483
1792,-31.30700758980979
1793,40.854615363581516
1794,89.27119873997754
1795,-15.776427401630004
1796,63.85318678864197
1797,-8.470652926275442
1798,8.765964718975882
1799,53.19034100211673
1800,13.913730791582985
1801,-15.339110047562722
1802,-7.069239154471861
1803,29.962693614208312
1804,-1.4069752932318185
1805,20.916906166961745
1806,3.302628477874899
1807,2.862309258851802
1808,-17.045265671414825
1809,21.732103470920404
1810,15.713775412786827
1811,-22.93133161031115
1812,25.41323884022837
1813,57.322787799222866
1814,-16.172256582119193
1815,8.144027531214713
1816,-16.92568169155568
1817,2.8519543868888855
1818,-24.160300766401335
1819,-48.94100296081001
1820,57.72668364287449
1821,-20.015255032605403
1822,17.483182260362753
1823,14.660247084599224
1824,14.72013587869149
1825,10.596092976615777
1826,13.723239390728782
1827,-25.51036203497098
1828,-8.255921556585747
1829,-56.221255359621125
1830,32.86959518860414
1831,51.42726179084987
1832,35.899757256810965
1833,-11.350376404843574
1834,-22.908015041798357
1835,-32.78274264466613
1836,24.072250736962296
1837,9.278605425028443
1838,-36.28902528935947
1839,21.411960588240866
1840,-14.572892351472241
1841,51.8410482761911
1842,37.65764684221395
1843,-24.543790634246466
1844,-0.6642721654081587
1845,-11.978770732035954
1846,61.95594834058218
1847,46.899427490474615
1848,-33.32988076388507
1849,-15.245114947595516
1850,-11.565961700380695
1851,21.019503346992295
1852,-26.652671454696204
1853,-8.367797255125415
1854,-2.683334730555627
1855,3.536799223821191
1856,11.447444977700485
1857,-31.44660370968787
1858,-5.317070030275076
1859,-15.166500121488255
1860,-23.487555113035825
1861,-26.71257184462295
1862,-20.234565426140236
1863,1.776132490375156
1864,43.64449849030753
1865,24.105887774605705
1866,-13.735477647227919
1867,7.954281838560259
1868,29.93993294706081
1869,-52.87315214899829
1870,7.253628363442477
1871,-39.348090880444815
1872,-2.4139865368525086
1873,20.4744645091115
1874,1.7838594069558145
1875,-3.902152628404856
1876,35.35109401104566
1877,-38.31225630078079
1878,-82.9664807279608
1879,8.684344880249348
1880,63.21795871356311
1881,1.9179938090116888
1882,21.857818039580522
1883,12.029149858333314
1884,16.587660987553942
1885,23.240706837826114
1886,67.28133135086429
1887,3.4712934990050766
1888,-14.174909780870482
1889,39.45428067241029
1890,28.60582576648017
1891,47.44931628623355
1892,-1.943609885396386
1893,27.28239631984944
1894,-27.301272141395025
1895,23.52507360591836
1896,33.44938184301501
1897,32.24030022986621
1898,11.513224622522781
1899,22.129203098286318
1900,23.915919534562043
1901,78.06712119513068
1902,-10.267225430122696
1903,-21.463256335454982
1904,24.435490464359063
1905,-3.5641529794720253
1906,-1.3093537413239655
1907,18.48470275196969
1908,68.63030817558341
1909,-8.350640619281615
1910,25.3223401276434
1911,42.22292043651532
1912,82.38760446872811
1913,3.9365259955114933
1914,4.847873681373955
1915,6.2159635686577825
1916,-3.755946490680703
1917,42.995111782650376
1918,8.069563384814671
1919,-9.253989688989947
1920,13.699180399906908
1921,67.9940365666183
1922,-29.97793345939111
1923,10.49006427391314
1924,15.580566000344522
1925,53.96750226998673
1926,11.308102099398898
1927,1.2125594042657237
1928,-11.815521576539071
1929,31.476821586992685
1930,6.148156726285843
1931,36.10502896497128
1932,25.81068622387931
1933,13.44826285653735
1934,-7.987600457411542
1935,24.413503222699948
1936,-4.777896542401031
1937,34.88163445546053
1938,-27.160406236761087
1939,-30.691194294049136
1940,-10.122357863072699
1941,35.67823315063695
1942,-40.98155662298834
1943,22.753084151089205
1944,-12.598717454127344
1945,9.193543137045276
1946,17.582512264853587
1947,-53.284462998669014
1948,13.07347172425624
1949,-4.1239093276769765
1950,64.02543706132471
1951,52.256531500808585
1952,37.039811057449484
1953,19.79088916301078
1954,-23.634641568606696
1955,40.16097721787039
1956,16.224248599313064
1957,23.552481174450556
1958,46.17417782000513
1959,1.4152151460075988
1960,-26.433969931138662
1961,-8.833226745589945
1962,39.52212003894096
1963,31.95746689350658
1964,-2.575368131097827
1965,-12.976397637881742
1966,36.32866952491919
1967,17.907621060489724
1968,27.877863558512896
1969,51.62233377585062
1970,21.917790957579236
1971,33.43666673495345
1972,33.397744466102836
1973,15.866172311698314
1974,5.834517376524612
1975,39.97136395662368
1976,44.153051009113334
1977,-22.310129078599473
1978,1.7300981241715672
1979,12.314777459881359
1980,16.677147424530933
1981,-39.222428110891336
1982,12.985503314368893
1983,5.813131935953901
1984,-15.910456576620788
1985,34.30787587099434
1986,-6.9776117163488
1987,-72.6776009298575
1988,12.495517728783309
1989,-39.94562662944707
1990,-66.14439737479309
1991,-6.558286962771705
1992,-20.13583987118991
1993,25.718068764724165
1994,48.56230189566105
1995,10.700892997654185
1996,7.74104965561501
1997,44.68194158186128
1998,31.6698648450326
1999,31.57455475587908
2000,0.7563865122814093
2001,25.646858537712
2002,-12.433976757618245
2003,42.144236644636734
2004,-34.041118992515244
2005,12.360176990115818
2006,-55.10870550375995
2007,-23.899367083856355
2008,5.608200865987271
2009,44.96139767946013
2010,-4.827814220563198
2011,-12.289862730817376
2012,-19.768604809062335
2013,43.22111314074
2014,27.950011903210832
2015,5.590823109499803
2016,9.704170072140808
2017,15.383144410751477
2018,52.363371508655185
2019,-23.144613112385443
2020,-3.4350722497337642
2021,-30.55692413018175
2022,34.3625636014646
2023,-0.7244944753634233
2024,-33.5671273640905
2025,15.982587283752467
2026,-27.200599725062904
2027,39.98869898522453
2028,5.7185715217643445
2029,39.51965734978496
2030,-5.444993871220895
2031,-33.39485115232483
2032,43.41204840611269
2033,54.357227319543796
2034,-7.058807524323862
2035,74.29151364108654
2036,-43.22971803580746
2037,28.41604031882737
2038,-5.577912805894927
2039,48.4597253721308
2040,-65.61307898606067
2041,-22.81066723148107
2042,-13.561299430655922
2043,-46.98244182792149
2044,1.4797996074673083
2045,3.8044217521660446
2046,51.63678519339506
2047,67.31344036874773
2048,-12.443070555639519
2049,88.19052860826866
2050,42.27685338136199
2051,40.73986711920678
2052,36.004403896736676
2053,9.692252611792018
2054,-14.757998511589575
2055,-35.797406239220514
2056,5.351933531597736
2057,32.09781920347555
2058,-3.3693800817233885
2059,-13.16570250584217
2060,-7.79924661936257
2061,-1.655296632044653
2062,20.7980217204516
2063,-51.31711151654835
2064,43.02104179807
2065,-27.372861048422358
2066,19.56749790590121
2067,-15.027218950789836
2068,-0.0032646907624975796
2069,1.7288678123879393
2070,29.264467677890032
2071,25.30981681192973
2072,15.260166660499646
2073,45.67993319813384
2074,-26.197185044780866
2075,-54.0913073764479
2076,13.781868980306676
2077,-49.01098989988423
2078,-14.934346737640322
2079,44.13653071795244
2080,-10.31687199236484
2081,15.498838812723317
2082,38.05952948246784
2083,37.05353728008876
2084,3.6193390034062256
2085,-20.314812061470874
2086,-3.0573336969305007
2087,-56.8263619505927
2088,17.392022114495845
2089,-8.830138428167658
2090,58.69430962948876
2091,-59.870522846694115
2092,45.24501017083918
2093,40.67035443095193
2094,13.561140733105038
2095,-30.767276217506275
2096,69.91371835397739
2097,-36.13292195460599
2098,56.635283457411084
2099,6.213840520238354
2100,15.241056405533856
2101,-6.990782368306336
2102,-3.3975111151442405
2103,29.2788469775942
2104,56.94053521658864
2105,13.978239688271373
2106,23.56700349046809
2107,-26.447981504691356
2108,-31.61061312641953
2109,3.95159056200014
2110,-16.906327424355197
2111,-29.656167414196233
2112,10.032976028876947
2113,44.21104553451314
2114,-20.43158124404811
2115,11.811861977389366
2116,-5.027646302394478
2117,14.32688731354209
2118,-10.554231250809918
2119,-18.618214894898756
2120,7.237245834905673
2121,2.609095637666975
2122,-44.20747455605009
2123,57.130197989704726
2124,50.41764324058322
2125,12.668647793709638
2126,14.04913502493435
2127,35.184883993129006
2128,41.28208382993253
2129,6.854795505181905
2130,8.443664962113221
2131,19.810383130786747
2132,1.7296846138303419
2133,-30.725889478260946
2134,58.23584778190199
2135,49.88514445106978
2136,43.7214856054149
2137,29.77342410011994
2138,-3.036887315095388
2139,-11.716864506690673
2140,3.985968969374733
2141,52.243752008675024
2142,38.20971318484426
2143,8.1269983254149
2144,-21.15504100526811
2145,14.380679197775665
2146,50.27163399073224
2147,27.750666670013743
2148,5.2815912070240305
2149,0.1695504743082008
2150,-17.67008755617595
2151,-20.885250636234037
2152,0.5317294895224176
2153,-12.424850518893734
2154,-4.828953662499888
2155,56.09541851250533
2156,8.731974507748884
2157,8.948332231477467
2158,0.18119233684264202
2159,11.854326295385492
2160,60.38659721605801
2161,-21.681028573325257
2162,14.713780942935013
2163,12.486066307546885
2164,-23.950395105921316
2165,14.44914077341095
2166,24.22443394471281
2167,53.782044803389134
2168,-2.39430188583016
2169,6.318572163374418
2170,58.12672932615858
2171,19.89186700137153
2172,46.22101163953082
2173,73.26555942413708
2174,-42.093975264344294
2175,17.40932287059241
2176,64.78710659792482
2177,-7.241890771597079
2178,17.989820623546095
2179,-5.24834025515838
2180,-15.141319298728467
2181,-50.33537508394486
2182,35.36588484589008
2183,3.020170508721879
2184,62.42624060409031
2185,-7.3974305785354275
2186,37.71818134844891
2187,50.72453989410124
2188,35.385318097951725
2189,-4.260200380768026
2190,21.49891762054382
2191,6.184602306391357
2192,22.952685076087114
2193,39.84337992431036
2194,51.30301345416979
2195,9.460971392705247
2196,-52.326228212072635
2197,21.131971414931385
2198,0.5225667556988611
2199,-41.41787264074837
2200,13.10140714267669
2201,-42.01421243606792
2202,29.315365067657392
2203,33.93039281707664
2204,-6.757347448120356
2205,-43.002259046173585
2206,42.877889566013295
2207,40.07923630820949
2208,58.17301436892396
2209,33.20841502090149
2210,36.74146594436731
2211,-22.44607992213875
2212,-38.9860711166774
2213,13.504769655253028
2214,44.70317187117796
2215,1.4124671498175516
2216,-5.537681458711994
2217,8.82621676618148
2218,52.214765281876524
2219,57.967321985924784
2220,-11.569760395529055
2221,53.98672994626133
2222,41.01164480575183
2223,43.15579445530454
2224,9.689949291851601
2225,28.63016222525414
2226,15.387950057765368
2227,24.783828002048345
2228,1.5238313122533729
2229,-30.2449218289076
2230,-18.93877545651264
2231,68.61671216076476
2232,-7.590888401987787
2233,-12.483415768487124
2234,-12.94356245612201
2235,44.096141288479124
2236,-31.47279478126456
2237,10.966577644452157
2238,-1.6456733187914665
2239,-62.84637709337729
2240,-16.967181175763805
2241,2.306736286976262
2242,-8.434280108905247
2243,21.403830524056502
2244,5.72904482790963
2245,-18.501901457154187
2246,-30.267499055530887
2247,8.858730439823109
2248,-11.520602467813848
2249,12.366696014452803
2250,-19.346500623231442
2251,-40.32205470754663
2252,35.31706732891336
2253,-13.758699087872001
2254,15.935957083360794
2255,55.65466626840093
2256,54.6447925042662
2257,43.41594139233284
2258,14.29797631056459
2259,22.941304288657378
2260,3.482385256578704
2261,-25.111336675667758
2262,-15.006948698817812
2263,9.404082985057837
2264,-20.67768991789444
2265,29.866146908921397
2266,16.351486214219793
2267,43.08654343117402
2268,36.90548775201348
2269,-34.72279975576641
2270,-51.66640039454839
2271,30.77734508886769
2272,-2.9003428141900773
2273,14.271722627600981
2274,1.6851358870663535
2275,54.98258153462935
2276,-0.3484363664417902
2277,42.01936489713931
2278,19.95293477092852
2279,54.73643716707268
2280,11.529942620529456
2281,-29.22899637299788
2282,28.40992977747604
2283,43.96718693144649
2284,-4.353049376469704
2285,20.116862769736713
2286,50.65612271955494
2287,-3.723496117438499
2288,42.41931733603021
2289,22.209514074446048
2290,20.163022101597818
2291,25.301172283192493
2292,30.436452601748652
2293,40.54187106103143
2294,11.983178376715555
2295,4.294697377356581
2296,16.217706808753668
2297,29.25175470553878
2298,-5.676542887009109
2299,0.12558355751021644
2300,-29.652106597270738
2301,-35.916503927636725
2302,28.078249283040915
2303,-35.609132850736486
2304,29.08816007761373
2305,40.57236874638812
2306,28.877980252829225
2307,24.73758802202024
2308,26.53970396983061
2309,-35.769943977524576
2310,0.7684993902734973
2311,40.64213312548069
2312,26.05296686078898
2313,33.81064959321169
2314,78.05399656683451
2315,4.5780300379122725
2316,13.582820760326486
2317,39.01976103111846
2318,-56.554927521406995
2319,-35.419081356796724
2320,-15.232072276831017
2321,-13.7148836549294
2322,17.284476426125327
2323,17.40577135066674
2324,4.978937579530697
2325,5.848825968333959
2326,-41.08591939580751
2327,31.910358507658835
2328,-21.244039561238594
2329,26.974064006616963
2330,4.087782525105361
2331,21.78478169294109
2332,-6.905653077054593
2333,-25.15384344238175
2334,8.239113066566556
2335,-17.299400222870332
2336,-40.30240972019802
2337,19.497171889920033
2338,-15.470384356417814
2339,-21.21153478906209
2340,17.02402347290247
2341,36.9734692576679
2342,-26.015947531924564
2343,27.138913310666464
2344,-2.773665207037782
2345,1.5543136638381512
2346,-40.149698148539834
2347,-19.732195018229888
2348,-7.640403647254258
2349,53.89825958390053
2350,-16.96272630175951
2351,8.048006091070674
2352,23.467780383802577
2353,-4.110768518610223
2354,38.44484505727622
2355,47.71648079595185
2356,33.37726657263758
2357,14.013214830076919
2358,14.001113891920353
2359,13.508761619051166
2360,38.19850161276992
2361,36.75277450855676
2362,-0.08330111630249704
2363,-23.54740037784766
2364,-2.298524390317745
2365,-8.880058715739926
2366,-41.43963209672759
2367,13.08803009427772
2368,-17.82921548248372
2369,-28.075369745940158
2370,-32.085172197809214
2371,4.29219951535749
2372,15.513756155767208
2373,-21.25847272452287
2374,54.320523035483674
2375,80.06769232364788
2376,42.21867795668429
2377,-14.484354914574103
2378,14.617722267553797
2379,39.0815265339205
2380,77.32112873605442
2381,34.14261246201822
2382,-32.14391266693122
2383,33.02595978024023
2384,40.897471724329016
2385,-8.821495954984364
2386,-1.8896995872676925
2387,5.790408930543506
2388,19.194967357047805
2389,61.36136642325884
2390,16.010628584161292
2391,13.505183387368332
2392,33.26454684530492
2393,17.043243802979354
2394,68.04343604647585
2395,-4.776842839273723
2396,-8.33212562546846
2397,-13.530198092046057
2398,35.45888814190759
2399,-7.689499299414388
2400,25.878401332118685
2401,1.3182656029989204
2402,1.3351533113748317
2403,26.54542854347214
2404,-37.38470161360665
2405,41.224592408981025
2406,23.61491326521701
2407,59.67000685171096
2408,-8.199732867060106
2409,-48.96953234353616
2410,31.928661335059704
2411,-26.891839703555956
2412,-14.242710653855596
2413,24.607070587801473
2414,11.361112571043414
2415,48.94696055956276
2416,31.38922334592754
2417,24.69185632263007
2418,81.52929706185598
2419,59.533994429472614
2420,-45.47907894707569
2421,15.064765089339705
2422,36.0107409253834
2423,1.804640094296584
2424,3.0895694497614166
2425,2.7903858484546067
2426,46.61862221288963
2427,11.624384382614386
2428,-3.604086870765178
2429,-2.410887506677275
2430,28.671564452975957
2431,-38.31444183349663
2432,39.44457233993606
2433,29.746404535746525
2434,4.673145483440004
2435,31.68320065370812
2436,69.78903062546128
2437,1.6264248396619188
2438,7.7651407048207455
2439,-13.480742978923084
2440,21.074008717670313
2441,7.3141697725186745
2442,28.339423222660045
2443,1.2254731811823358
2444,-42.85577137029939
2445,19.007863104914083
2446,-5.1914833890236824
2447,-13.200442425659825
2448,66.97449472817658
2449,39.69081295260579
2450,23.686811786926015
2451,-27.87746784370421
2452,40.566132681616544
2453,77.50460154254547
2454,44.39577030391567
2455,5.638177674726779
2456,2.1374906401450335
2457,9.93318395732819
2458,40.927913365805495
2459,56.576138463264634
2460,11.976982386470056
2461,-16.000231043044526
2462,8.628717822157048
2463,45.11352916689354
2464,40.604914629102865
2465,8.75000546382571
2466,-7.8613692988016375
2467,48.06048132908267
2468,4.939577689763627
2469,48.96733224163119
2470,30.300355499320716
2471,-19.26794355910014
2472,1.167316015091906
2473,-21.08491930146736
2474,37.17851070032157
2475,34.14312741872617
2476,-10.084854915651098
2477,3.045515023767834
2478,33.530476408223564
2479,1.48646912754689
2480,-1.9957111674005006
2481,17.344936783619275
2482,47.66087695207553
2483,3.344968980638507
2484,5.168450939769066
2485,3.7735306141338967
2486,40.42190838198758
2487,-22.388060428717225
2488,-3.3362292481606364
2489,1.0692879980706458
2490,22.968392213986377
2491,36.89175697552526
2492,10.321871122844401
2493,10.557495339247694
2494,-18.025206697359817
2495,38.604163350662674
2496,-2.7909665519907474
2497,-4.479522667008862
2498,5.446884658859567
2499,31.86404382824555
2500,9.821321998532548
2501,18.692727281472134
2502,-9.313851938356827
2503,11.665421386081876
2504,-24.217097614070774
2505,52.935502220561084
2506,-35.901154613778196
2507,27.58662164030916
2508,-11.255489636600347
2509,35.84263006567663
2510,20.925848156123852
2511,83.34481958325705
2512,64.88991288461187
2513,51.74412392033126
2514,-3.249431566825244
2515,-11.983475564881905
2516,16.44445938962202
2517,-6.826442763642262
2518,-5.837586799716481
2519,-30.012927118089376
2520,-4.012471652520672
2521,19.007116121994525
2522,24.85688606051869
2523,41.317966959489176
2524,85.57892145092772
2525,27.57809105669279
2526,-31.182329470042085
2527,-29.91709370189661
2528,8.44536634512116
2529,3.3893845894081007
2530,59.47954218893034
2531,-13.984157865939352
2532,41.61383183187666
2533,-25.553806085320694
2534,2.6859064763073643
2535,-20.615294700739533
2536,-19.09622737810124
2537,27.559020789377648
2538,29.09391514527777
2539,19.356530915408733
2540,48.96152647481078
2541,64.64139622993183
2542,9.166987861664207
2543,27.118966438040133
2544,-33.93597123974645
2545,19.553782880574815
2546,45.22267038093079
2547,58.479374217993495
2548,25.407038937509874
2549,-27.271870794590647
2550,-4.231440936328081
2551,4.518125517328015
2552,10.960080625169507
2553,71.02002631411179
2554,32.312522586432806
2555,33.50333687554778
2556,33.428684015867674
2557,-4.227664878073989
2558,40.62919844865734
2559,55.673532640376955
2560,-42.192781660396896
2561,28.195535991507544
2562,38.346161622258904
2563,63.92933992554731
2564,73.74469485234056
2565,-7.472187749342121
2566,4.620180504723628
2567,14.353319036690321
2568,18.82900563830213
2569,4.217573837369985
2570,72.5935950466699
2571,25.07408054560171
2572,-39.11615307461191
2573,44.46530628740848
2574,-0.8693744945290618
2575,26.764818425266817
2576,35.89697064361795
2577,-8.56646308698251
2578,7.480500175893587
2579,19.10296249680877
2580,8.618403575102557
2581,8.260362456822588
2582,-14.770556683535922
2583,35.09933279897279
2584,23.366998645138686
2585,17.173451223247387
2586,47.05188901997802
2587,47.39677715819956
2588,50.902089267092336
2589,-14.75666262160155
2590,22.019954810225858
2591,72.65060063894869
2592,7.839715276376819
2593,-25.800255470477666
2594,-7.55271617211832
2595,5.4166103030934405
2596,4.845164873420394
2597,61.98875094796355
2598,13.916758633107138
2599,21.84904234333436
2600,23.316246390731045
2601,3.858088142179616
2602,10.015799396449653
2603,14.220494780670565
2604,50.11467969596876
2605,8.91221774853133
2606,2.623034528683567
2607,-3.008102615288962
2608,24.958536159828842
2609,-0.36443376042998743
2610,11.016641297850255
2611,17.297245073433785
2612,-27.757884164512046
2613,-3.0339552404387735
2614,11.562780125354745
2615,-33.74102735623704
2616,40.910993421236796
2617,24.47518775744738
2618,32.77794089050876
2619,45.62411828159055
2620,49.67735137980396
2621,4.732570766806816
2622,84.43849092665131
2623,40.13604360220868
2624,42.57212902844243
2625,-26.79539727687237
2626,32.095091198381795
2627,30.074832373446696
2628,33.82605889401411
2629,-7.43104506248693
2630,32.11881262064528
2631,52.37800603598853
2632,59.27120876527141
2633,6.751579797364643
2634,17.733224292326444
2635,-18.08536044858338
2636,20.570691512453273
2637,-22.93268722773633
2638,4.94428214186852
2639,8.953041307137546
2640,-15.02149370820716
2641,11.098812967660791
2642,40.25487627472431
2643,-19.93813316564672
2644,46.881325068215375
2645,47.930389142287076
2646,16.709531832005716
2647,14.773815676002885
2648,36.31694194745096
2649,51.55903549804801
2650,0.6354357764787242
2651,-36.10078788861973
2652,32.93081694110988
2653,47.74323374733895
2654,51.00057587336858
2655,-11.180589293122939
2656,-24.302433453718514
2657,30.847934494456744
2658,50.528112610650325
2659,-29.287628105025483
2660,35.656038668496805
2661,19.834069300100328
2662,74.27785149694569
2663,46.058931894552416
2664,-4.010555751970898
2665,28.780772460078012
2666,51.59501702495382
2667,64.43057527852739
2668,34.5671586628785
2669,23.063681556192403
2670,-21.262864384152092
2671,-22.604348623764306
2672,13.125363764539426
2673,20.923067560330985
2674,22.04371044622339
2675,37.41887708262658
2676,19.611874999392427
2677,6.431181812446413
2678,52.522841267248154
2679,17.949867217771097
2680,26.52748213615023
2681,60.794166609332066
2682,-14.297654428941424
2683,18.166626820958815
2684,-12.992649387777941
2685,13.341673047609216
2686,20.877707322327023
2687,15.344739179776221
2688,11.065566125495552
2689,-29.073234843717145
2690,66.3436448428105
2691,-0.6128468514937389
2692,26.208819829578083
2693,22.924515264427505
2694,48.24874563453053
2695,56.709611519226684
2696,67.0946112367583
2697,-5.088265000897923
2698,65.78528399833948
2699,26.459203674988917
2700,76.2208793440272
2701,26.910999268608663
2702,69.22611427660337
2703,24.078017762204027
2704,34.43539670493019
2705,10.687735014375246
2706,44.28258400659602
2707,3.81537458365284
2708,6.2686918993139145
2709,72.66939904324704
2710,73.20408161205928
2711,88.98056407883854
2712,54.03615920653014
2713,44.18525422336158
2714,71.16379014196417
2715,133.04193196166796
2716,64.08036995472962
2717,70.76421647221777
2718,35.63387651354171
2719,118.33385386776011
2720,42.681483141267464
2721,43.21984438339635
2722,79.95310523647039
2723,76.29880995420258
2724,61.05763127272117
2725,149.47240204424102
2726,82.8151951039223
2727,41.913687891003164
2728,37.248324104908335
2729,104.52479809000329
2730,119.28642784932119
2731,96.89362445183805
2732,71.90023427733232
2733,124.6631063937864
2734,139.96907994978847
2735,143.88942249159874
2736,141.02802925800782
2737,97.27727169190044
2738,139.92371853744993
2739,181.69040961420552
2740,182.98080953269263
2741,208.51208228438048
2742,149.70507287731158
2743,159.2755890897299
2744,210.0273962834759
2745,201.68398092123581
2746,202.61545091455903
2747,290.0743798557928
2748,195.79541436648472
2749,248.42855348103367
2750,230.30007246236218
2751,279.65773258747987
2752,300.10340428871996
2753,268.9388738766062
2754,267.5075786947031
2755,257.1744186992603
2756,341.1618062993594
2757,291.1653341022494
2758,302.03437923590866
2759,327.86881048828036
2760,304.8813704917951
2761,359.1150182394886
2762,348.521941613279
2763,392.4974038296877
2764,378.194721953305
2765,402.1941117938279
2766,434.7051351370906
2767,404.4012670387526
2768,413.6921108291309
2769,494.48640965217083
2770,492.57152910186704
2771,544.3897508234993
2772,557.4305890040116
2773,486.51825892200037
2774,561.0700062230788
2775,600.9180112933963
2776,613.6529156827875
2777,563.4644005130862
2778,626.7101542167304
2779,660.7734834963051
2780,633.8882624645727
2781,683.0494081714315
2782,626.3789290602856
2783,696.6141993734701
2784,745.5357860161395
2785,743.7332018783384
2786,771.7470812468343
2787,786.1909522318806
2788,757.0150962386631
2789,839.5228264070488
2790,814.7706277525333
2791,847.7994018395957
2792,834.8126029492295
2793,895.8576078288966
2794,914.4129919203789
2795,993.6656110210298
2796,973.6445086955249
2797,955.4357230526516
2798,1028.1504446878632
2799,1033.9117461396834
2800,1109.547594645216
2801,1028.762316999117
2802,1070.542565116183
2803,1121.0481958416644
2804,1133.4887031778483
2805,1148.663197011842
2806,1117.6114689761623
2807,1217.748357871493
2808,1213.793004261651
2809,1236.8761889414445
2810,1183.3969953885448
2811,1230.499454046175
2812,1325.161410659036
2813,1280.3335732859684
2814,1329.9965088679608
2815,1333.3733250188932
2816,1428.1490561177247
2817,1410.861610559403
2818,1356.7539692210858
2819,1403.2192641005918
2820,1405.4325229729513
2821,1437.7655752080964
2822,1469.0660844769827
2823,1454.40858321143
2824,1474.6372083670078
2825,1516.7849544955882
2826,1543.6013008436344
2827,1485.3279571971966
2828,1529.3495694783142
2829,1588.687549567844
2830,1573.7692751097452
2831,1600.0475689866787
2832,1647.0222416527874
2833,1585.6677197535546
2834,1624.5217220891013
2835,1662.6512741256795
2836,1598.8278870905863
2837,1662.0239149794343
2838,1628.4444337823033
2839,1716.9505977189178
2840,1689.8357406956736
2841,1671.7929393809543
2842,1733.7602302918115
2843,1611.7533595403568
2844,1736.209785905356
2845,1719.109158362129
2846,1717.3647393814122
2847,1679.6745109477154
2848,1698.5167092943627
2849,1748.7848781685796
2850,1734.1756717735607
2851,1746.6898134326038
2852,1722.3681347311604
2853,1737.8662734341206
2854,1753.805863689861
2855,1693.8236612581834
2856,1703.9011616574214
2857,1696.6253581166513
2858,1722.7727838597666
2859,1714.5295476129158
2860,1672.7932333214087
2861,1689.437908798184
2862,1716.8434310470745
2863,1641.6545845436674
2864,1676.6498513325307
2865,1588.7379228383243
2866,1629.6480002439241
2867,1594.3556220454564
2868,1605.153062649153
2869,1612.5767611743593
2870,1634.673733532904
2871,1635.1250523640037
2872,1543.1512649551976
2873,1534.2961494692236
2874,1487.361789183951
2875,1507.633992339984
2876,1466.2172641840723
2877,1491.2948699119277
2878,1505.4116969995819
2879,1467.308598198916
2880,1394.2969853567577
2881,1455.8301223618153
2882,1362.7543429541072
2883,1373.0266439612394
2884,1399.954765543555
2885,1378.783541716629
2886,1418.974025037347
2887,1291.9633162227803
2888,1319.0089329977563
2889,1267.4276425220796
2890,1265.3307158114
2891,1208.5765024000916
2892,1184.9824972669865
2893,1234.6873799692967
2894,1122.057349372153
2895,1208.5636882571987
2896,1141.305874396968
2897,1174.3810133279992
2898,1071.5874827394284
2899,1105.8113145671703
2900,1101.5704597499184
2901,1011.9445434546467
2902,1009.0927091457469
2903,983.2552896146684
2904,1009.7574592219207
2905,946.4629472727535
2906,897.5800360445845
2907,898.2608528977777
2908,909.9156342343168
2909,905.0875772872823
2910,783.1498134653466
2911,819.2397163406928
2912,821.1231461591756
2913,832.8504039619531
2914,766.9384925226401
2915,720.5986778309366
2916,753.047626331317
2917,782.7916643081312
2918,694.4027231048442
2919,660.771824651111
2920,622.5028632710329
2921,680.1877823273106
2922,616.8161938439242
2923,601.257547453423
2924,588.2970052812686
2925,555.975378830003
2926,577.6439057101038
2927,513.9567656332927
2928,498.8026331887807
2929,523.1814717413498
2930,448.44958213205956
2931,509.8528408938761
2932,414.43209900485255
2933,403.3561048779815
2934,438.99119001315967
2935,394.459088521557
2936,404.41045273731066
2937,402.95939445978377
2938,361.6331404818278
2939,350.0531258571302
2940,308.74882992994964
2941,357.205286037616
2942,335.1952461181554
2943,335.58560957485776
2944,314.84647180628684
2945,285.57733848570786
2946,292.70701573173756
2947,294.781584049567
2948,220.6520511947618
2949,256.70472873561704
2950,228.59979951814265
2951,236.21661518940581
2952,248.97768767672898
2953,223.45853975328654
2954,157.18414272431195
2955,142.53939124026647
2956,175.88336118014664
2957,173.57822911635483
2958,221.85131177414686
2959,155.16624112462455
2960,173.25000053725438
2961,153.59235808928116
2962,193.44209092674544
2963,177.60884851239427
2964,171.0679520731845
2965,123.4312119719284
2966,147.51207055786205
2967,89.26653975930347
2968,131.6629139980286
2969,111.07349676020061
2970,77.9414903748119
2971,142.58659193411015
2972,84.17520417407144
2973,117.2675280686583
2974,98.21431788576758
2975,111.70477693522425
2976,55.86543193508963
2977,66.90026524494019
2978,92.50746943890381
2979,104.25703609895209
2980,88.02274169403762
2981,38.620624544778195
2982,132.18831863123629
2983,94.26144109612875
2984,37.635760407477086
2985,87.46635977957223
2986,63.857448582296264
2987,58.515105625103175
2988,41.447048679402585
2989,86.23300113516851
2990,20.758325750207486
2991,62.43429607117762
2992,5.363646528739331
2993,41.89842533519714
2994,11.549709938564156
2995,39.11194830496438
2996,28.04338739498098
2997,8.469224527303197
2998,26.454063713851717
2999,58.312314676618
3000,30.24893857685133
3001,40.12579839424194
3002,61.53766457594969
3003,78.64847602067019
3004,50.09916832456968
3005,15.750970829685018
3006,10.122210373043576
3007,14.615824535410786
3008,-6.0657036198480725
3009,48.418137811973125
3010,81.77308913564985
3011,15.585776566552518
3012,9.950902561059559
3013,41.086363794998995
3014,-1.5093411106016177
3015,35.421977112346916
3016,26.153990652259466
3017,44.300082287216085
3018,28.265592398341067
3019,46.29909925277016
3020,-4.717094143810826
3021,10.873789604371117
3022,0.4813621177230445
3023,29.047726905989244
3024,-36.46518920514474
3025,9.794594098706707
3026,-14.910324276497104
3027,36.938452545982244
3028,20.319733745523724
3029,3.553165733267946
3030,13.707236341728704
3031,36.62302371173588
3032,20.752712905689055
3033,61.95840318486038
3034,-11.387327747405113
3035,37.43683804182828
3036,13.0097501082594
3037,-22.149457125211192
3038,17.222386330311142
3039,20.66624519236192
3040,-26.009499591522935
3041,18.476506846464527
3042,20.58369114752349
3043,1.4418764054919428
3044,29.960840819553642
3045,25.89690094775849
3046,40.515554118192625
3047,18.196167758453225
3048,57.6385686436605
3049,46.722937023289354
3050,29.423300278929425
3051,-7.362645203843048
3052,27.616135739071712
3053,-14.967984218870914
3054,7.503099697461304
3055,-1.1208581957777426
3056,19.681823168219353
3057,58.028863308429294
3058,-36.419291138058774
3059,18.532246146638727
3060,66.6580731800394
3061,15.945351270810319
3062,18.360211045311658
3063,-30.98345847277857
3064,-0.6416072834401731
3065,1.1464368408474463
3066,-20.930429640412743
3067,33.278482837260626
3068,-11.761445547744806
3069,72.20153950123901
3070,17.981171490111286
3071,-12.899472738060563
3072,-32.88999178140752
3073,-15.944095216618553
3074,22.780226224310155
3075,26.08564300719454
3076,17.162099394560265
3077,16.344742844906165
3078,54.73739530506232
3079,29.718622273149983
3080,-28.8865041771609
3081,-2.3891770258626686
3082,10.023571577314524
3083,23.47895549416086
3084,-5.267430330384546
3085,44.33252904387682
3086,10.399221614899195
3087,-19.736425680617305
3088,25.05843281566013
3089,31.5513076458789
3090,43.14888049896021
3091,-32.150892050511345
3092,19.995072315234278
3093,79.52848569788044
3094,-33.85455210419144
3095,-16.927803277373172
3096,32.90753903909312
3097,75.00217089590228
3098,0.7486441382794133
3099,-29.417200123698706
3100,33.51722731447998
3101,-48.51705137700658
3102,29.260025566666126
3103,62.97128691188873
3104,-2.113780246475301
3105,7.833356056341962
3106,-18.20277165749851
3107,47.24054682469269
3108,80.34531757035082
3109,46.31582266346909
3110,69.63311143861779
3111,2.647390677183523
3112,-6.043186031086442
3113,23.30536191730217
3114,-6.995119052658016
3115,-4.956626802322052
3116,83.47081747292259
3117,22.107895834670238
3118,10.462571824466199
3119,13.271017259693124
3120,56.277393363513895
3121,43.23944883441127
3122,46.34291778738063
3123,5.200479220964253
3124,9.34317700292853
3125,48.8080256303373
3126,44.51327423061001
3127,-21.478446399854484
3128,26.67850927638464
3129,-16.75118673331327
3130,47.661352081287006
3131,55.493726875352436
3132,-23.61525156281775
3133,7.264902582404751
3134,2.788751563550848
3135,-5.1405746497233835
3136,31.704359034636425
3137,56.80286426449517
3138,-0.7262990491811401
3139,33.186104503473025
3140,40.021886660188045
3141,56.86290977610649
3142,27.853126262832763
3143,41.053238141046634
3144,20.47368652071467
3145,40.30139999546107
3146,7.2067412803290996
3147,62.109837860697155
3148,60.64779300690894
3149,-42.8489941075936
3150,67.53202970147277
3151,34.00030950920856
3152,28.032017981864026
3153,48.21474128941048
3154,25.101878310488694
3155,-53.41545240266035
3156,23.7621828738937
3157,15.972067104162578
3158,20.144878646326145
3159,26.930983089083707
3160,29.56809616328166
3161,46.49815406684448
3162,28.092569689137434
3163,-25.57536918085928
3164,-30.47947287667772
3165,34.28330218142437
3166,-29.505287829042175
3167,52.674835699885314
3168,-5.265565902459173
3169,-7.132061835801043
3170,4.178534404774325
3171,21.79213042078234
3172,47.42863321301562
3173,75.5033986300214
3174,22.548256344571303
3175,12.501719378290836
3176,28.171599673331194
3177,51.351001028692764
3178,4.404404569368433
3179,13.40881714912544
3180,-28.187363882025736
3181,-37.956647966551294
3182,22.929930773888284
3183,14.19709889076417
3184,73.73156480683573
3185,-6.076790948119882
3186,8.190602545508916
3187,1.7122756781434703
3188,3.3013142464675163
3189,29.88253820844919
3190,18.36445150849659
3191,66.10338275124718
3192,-22.867182485432515
3193,21.308640850187643
3194,20.92471269132192
3195,9.270783599443519
3196,26.19104129313831
3197,36.875163869573356
3198,12.667873588109314
3199,74.92878570737332
3200,-48.31463366433967
3201,17.657690351819934
3202,39.56249500896308
3203,32.91221427870016
3204,20.97393590352614
3205,25.87430937571726
3206,-29.41806831646493
3207,21.308838441512588
3208,6.47374699803896
3209,59.987546913829995
3210,-69.74187217475101
3211,9.619316036350892
3212,94.08681400624509
3213,13.340565816175712
3214,-44.33106216080704
3215,25.698614598116887
3216,-14.153365653226736
3217,13.795432898802
3218,-4.171845661860029
3219,83.79720702781532
3220,41.11019545204637
3221,7.186224888664491
3222,9.94196874628202
3223,4.741750385171892
3224,58.853974702233614
3225,15.858273786981478
3226,17.649980462263986
3227,39.90986346835731
3228,68.63819377533423
3229,19.933635492628063
3230,11.112906669473995
3231,45.51551251336656
3232,-14.878073235894579
3233,0.5038899035496129
3234,71.36368586827777
3235,-0.9219712601630228
3236,63.341609969656005
3237,-5.136204565923485
3238,28.594287770403426
3239,-10.319499435576006
3240,58.86311697172461
3241,14.198515227819254
3242,-0.7391521769089984
3243,45.30869022817876
3244,-7.462164684074242
3245,-47.42054098914551
3246,18.95829117241427
3247,-1.281886641119243
3248,-4.415633622285895
3249,74.94520161374962
3250,-11.80579275426177
3251,29.482116914149024
3252,32.184085182252225
3253,-8.940368719642386
3254,8.726195984495817
3255,52.92103922299286
3256,7.8439746092592095
3257,46.616805598224545
3258,-2.2182771761484865
3259,24.17709373913611
3260,4.17237163590079
3261,2.7061709194402734
3262,25.392982450130457
3263,1.3794739084878778
3264,23.704096457132618
3265,30.59460787808303
3266,-3.668871145943374
3267,24.378796408565016
3268,-15.635540557584509
3269,54.44484072937711
3270,-14.609943050409804
3271,26.20183076666227
3272,3.455330009200214
3273,29.850614236867138
3274,-3.1370051675535997
3275,52.43960666466904
3276,-26.541548819678376
3277,-29.13129971465054
3278,-8.325645879782389
3279,72.39679470875637
3280,45.939204777033545
3281,49.66798821690894
3282,29.404460355492525
3283,9.746868891909727
3284,1.9369628341940341
3285,18.252611229440216
3286,38.27910454836373
3287,1.7984215208042045
3288,-4.907403463604588
3289,15.497365824710242
3290,41.70298434239262
3291,64.55848589370862
3292,55.917019481157595
3293,6.397079612623147
3294,-42.72899833805713
3295,-31.53179976286202
3296,2.002854950008807
3297,24.407492152829956
3298,72.0834423605156
3299,53.24874518244613
3300,49.14163478470158
3301,33.8142416302395
3302,12.58575340200297
3303,3.7599217445793567
3304,34.35253550671031
3305,4.1218601447673
3306,-39.548644448043106
3307,1.9213055346462582
3308,38.823217285531015
3309,-2.140892397617119
3310,52.96415526705931
3311,16.89015032055932
3312,-1.9700429300435793
3313,28.37583323927903
3314,44.96606835726639
3315,-13.82672780071805
3316,29.215295259336674
3317,8.091419624582874
3318,8.474515547969785
3319,13.427302211327284
3320,21.265703036756868
3321,27.76509536593842
3322,2.5662374122778573
3323,-5.807580456118874
3324,0.9478731650950358
3325,16.101467820966462
3326,-2.8450714264791657
3327,28.403442145989203
3328,44.8136371801495
3329,63.09460701470576
3330,-25.283625296396053
3331,52.676368029431046
3332,12.317350497447517
3333,26.545211642490397
3334,44.788111114483634
3335,53.18588740478583
3336,-8.681737887554998
3337,94.77936352927335
3338,56.512333072917
3339,9.291682352134664
3340,10.16800677842903
3341,-26.140166594135184
3342,-22.26965740036246
3343,-3.586039219508759
3344,-45.44268683808161
3345,9.235556279271256
3346,19.648774569896194
3347,-8.77611498093594
3348,44.3622610846464
3349,14.978634862152125
3350,1.4755746889978703
3351,-78.93734017240934
3352,18.990909204810514
3353,60.037680161565255
3354,42.189764852426975
3355,-30.81475903200782
3356,-5.854001541568866
3357,36.292180597426054
3358,-14.426448430522605
3359,-21.398053002986032
3360,-16.169754907097598
3361,38.65986808512724
3362,36.80651686908006
3363,15.42186050607333
3364,1.6101263210269536
3365,24.984879356316256
3366,-6.7744684885580035
3367,1.4049294362232239
3368,20.9231755008774
3369,28.291092509876936
3370,24.392732887550483
3371,42.79510256815098
3372,7.120982288811396
3373,2.4447272367116817
3374,9.559790231399191
3375,-52.761076518546986
3376,29.477852334401952
3377,63.085543227386296
3378,45.56725029986342
3379,39.00500264668277
3380,62.58206916739627
3381,43.19024062742207
3382,7.741632950297335
3383,5.338608346129234
3384,18.17411167392953
3385,24.499664459232406
3386,61.260808709327975
3387,11.621771460644956
3388,19.77829247129587
3389,6.4462839868718245
3390,-33.65001797682182
3391,-10.82037382915949
3392,17.248874321795537
3393,74.3009294208071
3394,6.311001980330831
3395,76.10700611993357
3396,26.716413304912248
3397,31.051967607136667
3398,4.77500267380011
3399,60.69116854586608
3400,-35.75613162384893
