WAVE,INTENSITY
200,7.421908226799691
201,-16.967600777154026
202,21.892954245229028
203,25.22910193934944
204,-8.83855918844411
205,10.726897878001893
206,15.482747233702801
207,-12.749890355834648
208,10.664566845056864
209,30.032213717139264
210,47.76572688259668
211,-21.306743070114592
212,-6.821043702371645
213,-13.284831247096642
214,3.4378980784706514
215,6.367030696625419
216,43.02096828953987
217,-25.523071985171974
218,23.455572213895795
219,-48.31046782015984
220,57.418094601434106
221,48.35210961748605
222,-10.808715404052165
223,-67.76213813275216
224,14.992726439103446
225,88.48688375248138
226,22.317805253092363
227,2.2103867515301903
228,-6.8161035314941865
229,-25.94188957895932
230,7.93857846252094
231,8.081661995999136
232,-20.127897679180297
233,51.96616267133509
234,5.365659277021383
235,-40.98048476648168
236,-8.186857675185694
237,-29.058552610184854
238,15.157232376192079
239,8.449750155578846
240,32.56606973603674
241,2.6432387721748087
242,18.249989599321005
243,-33.776031406205334
244,42.019254522826124
245,-17.770931545379025
246,-19.413296364165213
247,-27.95045264743205
248,-0.010512487530098424
249,3.568576153018129
250,-6.4890633013841486
251,-10.860022173225722
252,-39.06223363774389
253,15.70199175222763
254,-1.3241640223901674
255,-11.928927135350909
256,0.8096462697643652
257,21.072079446332403
258,-9.017678163683177
259,-8.852087692137859
260,0.0004510714689031359
261,-40.191891735054774
262,-38.28735056879009
263,6.076388894717972
264,19.8674495584026
265,-25.636897534037725
266,6.7561199836501995
267,11.596830697259723
268,-21.96169670121732
269,1.037473490595438
270,21.946402780666396
271,-77.01041004080885
272,10.859384268659523
273,-16.760423755558914
274,-11.809811527712498
275,-14.469712038710385
276,-13.405958865985367
277,13.67649148196239
278,-9.492254051427265
279,-29.392247333884036
280,29.76063105184778
281,-1.8675629096866768
282,16.88594567473996
283,-4.67761646317968
284,-54.114207254769624
285,7.080887245184371
286,-2.5999459382636028
287,2.8491668174272213
288,-8.546708640659043
289,-4.537352540887442
290,-19.12290986386741
291,-22.85557686828977
292,-8.735476417659356
293,63.71886925966898
294,22.461126109239345
295,-12.603820039005996
296,-10.184068163156878
297,13.573424293217855
298,-30.38954904790114
299,1.036558806843507
300,-11.180883295247716
301,14.737956843753178
302,-10.708205542376339
303,-13.824339754634602
304,56.97831751682183
305,41.007229341351774
306,-15.272433844499666
307,6.591107979804158
308,-64.23944173824802
309,-0.5528779186773285
310,26.133815475565992
311,-3.9917148823595747
312,38.85927980097381
313,15.159419620966158
314,-14.333529396123321
315,34.22721295794376
316,-22.202521292906308
317,73.14345714712107
318,8.567240656013078
319,-3.9649244867519213
320,-50.478572938680195
321,-21.890995772155925
322,-15.473558456291883
323,10.06225124872558
324,18.954638481567525
325,-16.29018800105221
326,28.893705863576372
327,22.95808391417396
328,23.720509176071747
329,-11.374901101992469
330,-18.402310720129183
331,-11.457669945027753
332,-38.22034991925174
333,16.188128942315664
334,7.8048986129634095
335,59.49188259180891
336,-60.72379975301127
337,-13.479983768571566
338,-15.549615260511143
339,-25.29670384220829
340,-25.475270315119097
341,49.46137370445581
342,4.338169516974558
343,-20.596780165298586
344,24.250989424725617
345,12.218111204817856
346,44.3644941995217
347,-24.550447544706316
348,10.645574560288539
349,35.53223130960716
350,33.45253405586273
351,49.23782138624067
352,-21.648640303511925
353,-2.8951068510011724
354,-24.582284535504467
355,-27.2673853211951
356,12.310929825855968
357,-8.129991116293198
358,-4.9306832170399675
359,-37.15789167933877
360,-39.11378436453933
361,45.75772150670799
362,-21.01767361319821
363,-32.32495800910609
364,-29.97287518691177
365,-11.171070676289858
366,9.64781852287456
367,-30.794954673487087
368,9.677259280671624
369,9.07495180599016
370,-48.52186230853131
371,66.00004364805025
372,13.926970746159327
373,-1.9000015236868433
374,12.079491197469034
375,48.47565679482675
376,26.806489044924454
377,2.6766418655456814
378,8.43945386125822
379,15.584634336192378
380,-5.122293594284449
381,12.075377952153193
382,1.3225323734245547
383,-35.13441744630158
384,-6.4571536438972945
385,17.262644966716817
386,-0.1792469421490216
387,-20.392471150676116
388,-12.00349335253082
389,-28.695317640683832
390,-13.64696727259124
391,24.758652273729798
392,-11.827287374373057
393,29.161140491321127
394,30.202313848820264
395,3.6841166074139053
396,12.388224753059584
397,15.534961650165252
398,36.627845110379866
399,-9.518176130902313
400,-32.16314428962279
401,-18.62053924728739
402,11.260510134574758
403,18.75645702098602
404,-24.01983544038361
405,-50.472482296378374
406,10.380729777979836
407,-15.539077076240421
408,-26.988528428918837
409,-23.809916165535913
410,-28.599239582938903
411,17.440775908223134
412,9.077088463913258
413,40.41712424575603
414,7.664273730018942
415,-41.075915186542694
416,-50.63729274332582
417,-19.522466344782455
418,33.132279186000794
419,8.737806265976333
420,-9.351149578784606
421,5.328195598337891
422,-20.65378218332122
423,-5.846221086763393
424,-32.0009779727304
425,-35.75594745146736
426,4.801449806315418
427,-32.64465213374876
428,21.664338915407537
429,50.185382655739986
430,-44.561041149678374
431,-4.819660300554629
432,38.32858788326802
433,-2.0467710646922077
434,24.37399961942856
435,-12.254833548357327
436,27.983345442458226
437,-2.417342751469058
438,-56.16058512423917
439,26.45932882683125
440,-24.26594388627697
441,-18.318615167737157
442,9.964321909875995
443,-14.895388827832893
444,3.0324891224347144
445,17.180067030619874
446,26.08128238054543
447,13.91455861429204
448,48.057591194453224
449,-12.187637830501599
450,-26.918338260197377
451,-13.361088286839163
452,3.155759171310148
453,16.395379627291337
454,-5.864353214593448
455,3.13789123676266
456,-16.231426132277782
457,47.95521212207746
458,-7.146032239618858
459,-25.5114561457949
460,-37.265583885587716
461,9.26485814850303
462,-27.727663597935432
463,4.512793434889439
464,6.434929671976465
465,11.281321208358497
466,-8.593614550862162
467,-18.435050295041062
468,8.43340078490425
469,36.361585651067884
470,-1.7757350038501336
471,15.941280865270658
472,20.34935626735921
473,-29.95260625799404
474,14.26978177400749
475,23.78738077563999
476,-2.8972672476620493
477,-4.177500303185463
478,-19.797950293081364
479,-9.511931691272176
480,-4.3786187930041285
481,-14.8957386770099
482,2.4317116080804753
483,-3.410105287739025
484,31.250964258480685
485,-39.09824345401677
486,14.769404162991568
487,16.595885378417332
488,4.625821648975402
489,-28.704308700639242
490,13.61881595397602
491,-12.26330777654855
492,15.059846745317568
493,10.440995349324488
494,-36.75342419357643
495,-3.517957948082892
496,-27.260950844880227
497,72.1394848373053
498,49.64731608345032
499,-27.621344612709848
500,-38.91729494300752
501,2.645735771946291
502,22.79761404051513
503,-20.132355419477598
504,-35.700093238070274
505,10.817074602953529
506,38.01507399066492
507,33.72786847625047
508,-21.20822148786572
509,11.798145339097449
510,-7.675159627422519
511,-23.0722678414789
512,-8.508713134304875
513,47.62483339444811
514,-6.746389461527298
515,-7.037652561171088
516,-0.8304495342241882
517,-34.991245307735646
518,26.43840761535575
519,-37.00672770318382
520,-0.027830519543199816
521,-18.683329734959102
522,-51.27411133502506
523,-5.900408142359041
524,-4.231114844889391
525,22.782836516111622
526,37.25200955716909
527,-52.698908872249596
528,-0.7635802962512839
529,-30.048581497340074
530,-7.174727965065118
531,-19.236578585442327
532,-61.88365695942357
533,-47.10907646104792
534,16.08666204582608
535,33.10419598299201
536,8.094153195477494
537,-38.922580496328365
538,40.46260348914793
539,-19.440201637899204
540,-26.871590937386912
541,-53.36019884148065
542,-4.086317451429271
543,-29.66243074917694
544,24.98774293306168
545,26.59287129282683
546,-25.010687682385743
547,29.315458637304395
548,-42.93038620317291
549,-49.26379721567088
550,8.842327462643704
551,1.1466167498761757
552,-7.106337776884734
553,15.086496002170831
554,12.878535402632947
555,-31.62855608106729
556,-12.548138226652016
557,10.59080214366524
558,-22.824630592875113
559,11.466956449441458
560,-30.199633648957366
561,18.796497365117485
562,-28.832112453174418
563,28.087819034149444
564,-6.011433751881969
565,7.414373031872525
566,0.5463482608625152
567,9.797020604270536
568,-8.14070432450253
569,-27.833878772153223
570,36.57999891327915
571,-1.1355089440307076
572,20.64531760936385
573,0.5079845008008119
574,-10.741252639405795
575,30.426468715010476
576,44.934035554542675
577,25.332129402859145
578,15.140135456017077
579,20.726465121148575
580,46.755472971410754
581,6.472607477224475
582,40.30223912604988
583,46.75240014585307
584,65.46874463061012
585,34.80045687308663
586,86.89898272797821
587,60.02060613681202
588,141.51563998131064
589,86.12548317312431
590,158.59099418137282
591,183.38594426536008
592,211.4817548128125
593,174.23979385704678
594,213.08004684706378
595,206.11595297017826
596,215.11101677323074
597,294.82114955517454
598,282.61774409851733
599,372.6868423699654
600,379.4277649860979
601,421.4723746410562
602,447.7834548780159
603,498.16823277886687
604,507.51577855723144
605,549.5255877465239
606,551.3432491617806
607,590.4693442416299
608,647.6722170079432
609,669.71129315748
610,670.7228454646133
611,761.7999573135897
612,795.5558181197546
613,781.9321846722854
614,823.070099951476
615,850.9906527514887
616,867.648948135523
617,908.1937234918798
618,883.6742334273388
619,923.8438853913394
620,913.4390855862996
621,914.8793901824101
622,867.1488661431463
623,879.2828838663697
624,906.0017174043368
625,844.3563668005365
626,829.0656017564097
627,786.545813089573
628,750.1024577010269
629,746.9463515357594
630,684.0843045734168
631,710.1450498600735
632,674.5274821368007
633,630.9520520342667
634,595.1155638750447
635,575.2626880499943
636,481.808280281539
637,491.1769616727035
638,388.27021464491804
639,359.6107746242532
640,417.4736397627844
641,307.43961451111636
642,333.2745476376221
643,238.31135607572628
644,255.87686411259895
645,240.56054899409256
646,183.98210079082878
647,165.97264362050151
648,164.10862354012235
649,149.47489265698385
650,97.90039044873531
651,70.02422891864765
652,122.96570475949827
653,77.02553268667067
654,93.482306777972
655,44.83566783523716
656,6.315747746780687
657,47.12994829807586
658,18.7987410878406
659,46.43982364335946
660,32.35445296486545
661,28.257182793133545
662,36.740258114823376
663,45.97541420235228
664,15.812299223694708
665,-11.295861928043905
666,-24.498221185138696
667,-5.92499707079728
668,-14.827679964335186
669,24.34686955467838
670,-14.262635683839283
671,14.460016364265154
672,-48.724798070547635
673,37.86990047975825
674,-8.383222565582567
675,-15.883314885941068
676,-41.15049418627142
677,5.824727664259941
678,11.829338573032345
679,-29.670966757629408
680,-7.916743623982153
681,23.316771367432757
682,-20.850566072543465
683,-30.065349521289264
684,-13.91924359125206
685,18.913514807912378
686,-32.55189511215576
687,-44.15456820736251
688,-33.196230966415065
689,48.68011253024289
690,37.63991654856341
691,34.711627148722435
692,20.30633476996248
693,61.6440953482564
694,18.903086082800197
695,23.293648664275867
696,-16.699733616375884
697,-23.078282693843295
698,-5.070052629750897
699,-0.44379227223476736
700,-11.890746188937767
701,17.005378077604828
702,1.0214374839989488
703,-30.081993760052093
704,2.9451924285123336
705,17.355610916398323
706,5.015226060439838
707,-37.12717558144846
708,11.314988786274707
709,-10.539904282293868
710,-22.444609175284487
711,21.14533323352636
712,38.51183113885916
713,24.004416354881347
714,23.465108036707953
715,-8.172507346175285
716,-16.207232295143044
717,-21.148781651708255
718,16.70669411268935
719,3.289592712928266
720,38.90862656585407
721,27.62114741075077
722,20.242538852215695
723,11.33171725149753
724,1.6901930469027697
725,20.672481386726954
726,-5.986866162476122
727,7.026587443759247
728,-56.59693039641425
729,11.509583304814857
730,43.923469728288865
731,-20.883816040365524
732,18.62340498424841
733,37.68750803877044
734,-42.05754325069641
735,11.820139835096118
736,10.217668585956188
737,26.913106915209053
738,1.4754973523960944
739,-1.3799010420198945
740,-28.889235422588744
741,30.24704856334293
742,-31.29490888635848
743,-1.6347708074201268
744,-18.539911283553813
745,9.943874131932482
746,47.98155966930434
747,-20.38697936624805
748,25.317659765619382
749,14.746634210877525
750,8.523574739523273
751,-30.0305641679363
752,-57.0613926872056
753,47.57042489745565
754,-46.56629567515576
755,16.943573826537808
756,7.883781853683498
757,-22.685268031657433
758,8.354701481508066
759,-6.497748924423014
760,-28.19555996793636
761,-58.502242929361515
762,-0.4625634404958685
763,-10.882707935271194
764,-2.3749322643073443
765,-9.689536985854952
766,-11.280866441907786
767,32.87099149397047
768,46.9592337878853
769,8.35520488000048
770,28.693577268708566
771,-11.511511306830531
772,-29.48373458973041
773,-16.982497520562347
774,42.681598337617054
775,9.43282781909526
776,4.1987576970251395
777,45.12857069851174
778,-30.86460439468517
779,8.247937498589927
780,-29.542161898684682
781,33.236412408735255
782,0.725775191291671
783,-9.53960988607902
784,0.46415941312328
785,24.951262580815058
786,-28.325948186624608
787,44.246976601118966
788,7.7249470689442195
789,37.80430039470317
790,39.20863558064036
791,15.828075365315982
792,-30.843744774813683
793,7.675416422350755
794,-15.410548256593925
795,1.998974821417562
796,4.971834273732698
797,9.525072804865207
798,6.94250825441509
799,-4.205723600122736
800,-27.74656204494171
801,13.918333426284335
802,41.97481737135809
803,-49.82255190817722
804,-11.61827079695016
805,47.3651235139675
806,-2.1716924466337875
807,-6.55497370257322
808,14.081454189124296
809,19.28758832785641
810,-26.568546305468512
811,-29.230560854734968
812,41.5232383835314
813,4.716307817632499
814,5.995236184583488
815,4.394344910839129
816,3.733729806827333
817,-28.341209617724413
818,6.573299247650682
819,16.32708031950983
820,29.56231244553589
821,-2.1186038348020855
822,-16.13653291009371
823,5.599329318673355
824,17.041541194831815
825,39.29074538746156
826,15.665704159392071
827,-12.748947711075418
828,9.936741574271814
829,-24.44878158940671
830,-12.104001888997034
831,8.594291533855374
832,58.20300325691514
833,-25.102278223686127
834,6.483927836627998
835,33.79418696524448
836,-35.11571957963839
837,8.431967006544458
838,-17.378933006015068
839,36.94379279540296
840,-26.569071175160357
841,-7.865856959875623
842,-13.919755903167834
843,-40.6364625255305
844,0.8154992278047204
845,-8.659821393663144
846,-5.093953335866605
847,-26.696450514205043
848,-15.330850687050747
849,-7.909377060069767
850,35.10287064931219
851,4.195468497589809
852,9.920114017305231
853,21.90628863391994
854,36.40904943327899
855,-46.97974466749688
856,81.03151007516529
857,-17.481421335880277
858,14.081811428013504
859,-6.375965714117295
860,-15.8392115599433
861,-50.631581286401556
862,10.244174284710024
863,9.494990951411927
864,29.584408191276907
865,14.214222938873695
866,0.45269674406088356
867,-29.200190226298197
868,7.68121617033508
869,44.93349814336306
870,17.527349019800248
871,41.00915010563066
872,-48.16531783540679
873,4.02835407933438
874,-15.357236539273586
875,8.874060343162007
876,32.47169017808162
877,17.374563007530043
878,33.70711196667995
879,24.695152723196912
880,-52.06594079992175
881,3.676628798588711
882,31.34258178137886
883,-35.84998714556716
884,29.600544855177265
885,21.767752025090566
886,-9.920277723761727
887,-39.10913597637784
888,-27.729955825187886
889,-5.776857843943967
890,-52.56788157167289
891,7.465726694426871
892,11.123324135068913
893,-14.96782780443261
894,1.3077407757912058
895,-36.31503909531483
896,-32.868130822402286
897,-21.289275808884376
898,12.195694826623557
899,39.53426191726885
900,-8.60921107395749
901,56.11589213444604
902,-19.06293936210168
903,2.151003747193908
904,3.565636315705478
905,-15.254994756198428
906,23.677726024226516
907,9.49280299539787
908,-5.5836034510848025
909,36.93547923914216
910,29.215529938565616
911,-9.94247478829574
912,23.19055104336184
913,-11.027801175394709
914,-10.565672892420636
915,4.703928411569992
916,18.359163831497032
917,28.206318131198493
918,-29.528261305972496
919,37.41545447028564
920,40.538991175112294
921,9.38183800311847
922,20.548607916810127
923,-37.16242539241504
924,18.56216680318761
925,9.83149034222605
926,-30.4846456973873
927,-4.484617145224229
928,0.8598308934791712
929,0.1753077794293878
930,32.23607221155128
931,17.959643914290005
932,12.856145789454636
933,-2.347994681347574
934,7.69994720470204
935,-39.27700692161419
936,10.195208192073766
937,42.33236420069952
938,-0.602643236607916
939,22.05739992124647
940,6.818466892723563
941,50.21506203905068
942,7.083307267466646
943,13.99734614342951
944,32.89454488489542
945,35.4469509599877
946,43.24652627138119
947,7.5622118729543075
948,60.0176005760936
949,37.523390820656374
950,33.11612067784323
951,53.90443949486258
952,49.261748645867186
953,112.03446633478195
954,118.57911699501221
955,102.27092949003067
956,147.3872759644933
957,129.0903096759671
958,201.94900881893608
959,144.6834886508895
960,122.22025666283167
961,220.98963267933354
962,227.87812708101924
963,219.06161624923962
964,245.2177873071806
965,279.89006554029993
966,305.42203258862287
967,314.4197337940909
968,360.12859647693875
969,416.31831375941385
970,415.4931639590167
971,427.1832336149336
972,503.284244879199
973,522.8604919598699
974,565.3729751950301
975,602.8123985161216
976,670.8286734677516
977,670.068714464761
978,756.1116799196061
979,739.7240893344987
980,802.4940735269271
981,828.2094358732212
982,863.5123750115057
983,924.3455012139582
984,953.0979262636394
985,985.7577528760448
986,1058.6676290745897
987,1005.1038339323594
988,1151.9819253968783
989,1130.5819422525524
990,1131.2474476296247
991,1205.5942981395956
992,1182.6545203086605
993,1277.1097216204412
994,1233.3774647036819
995,1273.5720242932746
996,1277.2303053274638
997,1309.643754008989
998,1288.855236322938
999,1348.2835748064517
1000,1287.0750194968753
1001,1367.5942575062797
1002,1365.354112655308
1003,1321.1727295763455
1004,1353.2880964350713
1005,1337.189805534103
1006,1377.6280270321072
1007,1355.7602258294303
1008,1340.954658665576
1009,1337.0663525113075
1010,1346.5230500258547
1011,1324.9124624013402
1012,1380.776510178882
1013,1291.9967531248174
1014,1346.2159730791104
1015,1324.893175751546
1016,1345.8548476892602
1017,1350.9884610347544
1018,1354.1819034873956
1019,1377.4185288711772
1020,1410.751897326123
1021,1364.695807727989
1022,1346.5866089328142
1023,1315.8974709282847
1024,1374.5857938079068
1025,1346.6036260542032
1026,1311.220216040234
1027,1317.9969168313328
1028,1295.3339291366565
1029,1287.1511789691594
1030,1244.5226495211475
1031,1176.4708110669733
1032,1130.9885761617172
1033,1080.0947383626456
1034,1086.538228240574
1035,1058.5431181250615
1036,961.510989694676
1037,898.1495182686741
1038,842.2217311616689
1039,772.0215519656545
1040,782.5330200299353
1041,724.9913042339317
1042,684.0090062818098
1043,567.3044551422355
1044,524.3075301968416
1045,466.25913582882356
1046,424.71379648634905
1047,359.5122386373486
1048,350.76525559540715
1049,279.1469360446716
1050,268.02406380597455
1051,236.7262971211764
1052,188.8468947647687
1053,145.1283495902754
1054,173.5540934712608
1055,116.51284204347733
1056,109.20210460146869
1057,75.70045708929749
1058,71.00276831954808
1059,6.503532164031071
1060,92.13402097004995
1061,56.639280455801114
1062,28.94596683815838
1063,51.29000067001508
1064,21.784237104015293
1065,18.40000052583823
1066,90.53480252093084
1067,21.88147806629589
1068,74.6788435254461
1069,-15.115598425547788
1070,-3.906619970556209
1071,3.8771279412991717
1072,15.858271846134508
1073,12.35307696469904
1074,3.604003591472599
1075,20.145746956941323
1076,-40.26446931740718
1077,-3.163558141364277
1078,18.03081250354882
1079,4.547642037916523
1080,-37.7021297084543
1081,18.446691120512156
1082,48.04542985954615
1083,-2.3338139317104836
1084,-10.992451927608943
1085,-31.555289366239233
1086,38.996541188512964
1087,23.814140128109557
1088,40.28600972509141
1089,-3.5947688555441917
1090,-19.105227376585418
1091,-19.784671009878934
1092,-7.009838734917615
1093,26.518252588844764
1094,-25.965238780707697
1095,-15.618927618527866
1096,13.281090300126888
1097,-10.737431904519852
1098,23.306494536739283
1099,-16.819203990355064
1100,38.29083253852926
1101,-14.873871837173464
1102,44.31561538144043
1103,-11.741977722797618
1104,20.374624668422776
1105,70.87916359928661
1106,20.38159127569957
1107,42.334643365743375
1108,50.46373669746063
1109,-52.54972772338853
1110,7.129709479924552
1111,6.3695014859810435
1112,-22.801821885108126
1113,16.74759368941257
1114,63.63371737853457
1115,53.99977984860241
1116,-17.417633839727998
1117,-23.733330445239922
1118,10.360201115330856
1119,-39.05261023106314
1120,28.988359140396753
1121,50.6804861334586
1122,29.665172444797623
1123,6.703995127841779
1124,59.80048541556074
1125,13.59078039094442
1126,-6.239036813023286
1127,-27.389388147192022
1128,29.536527188277308
1129,46.834902304944066
1130,27.260896107328154
1131,-6.022703844730145
1132,1.7436554317791055
1133,-6.256930998573315
1134,21.23900658245743
1135,27.21080787894543
1136,12.476934743063023
1137,-23.949867763092325
1138,-11.045708353290678
1139,13.530992044921563
1140,-11.397789458137924
1141,18.85627058103946
1142,-11.39841511959289
1143,-14.229725795540784
1144,-2.3901324676547007
1145,17.28362354689864
1146,17.07113022355728
1147,-32.899420364314125
1148,-24.50744151761336
1149,24.128330279625246
1150,15.137795570625599
1151,2.2251141695156615
1152,-12.096900049992286
1153,5.409547508042748
1154,-40.455763169059814
1155,-41.54585811930334
1156,70.08450826920004
1157,-11.618028200056317
1158,-10.762559550341429
1159,-8.472486532913374
1160,32.45960527251219
1161,10.083059309453198
1162,33.881356198261734
1163,15.506211931718704
1164,55.78850942262303
1165,-22.761453507290305
1166,-43.58253506151011
1167,51.09755338596273
1168,33.772664626980394
1169,-45.27895472371797
1170,21.86974238172199
1171,-24.345116723394234
1172,20.95608902289893
1173,20.164051230824708
1174,9.886432781922148
1175,22.524776484521087
1176,27.40124344504263
1177,2.4688830592891957
1178,42.6735593819035
1179,32.40638616425999
1180,18.06248954792371
1181,-72.6828868653445
1182,14.985383103416712
1183,23.964972452969523
1184,-41.701516747242366
1185,27.469876745820727
1186,-19.59246435945774
1187,-25.64960151665563
1188,-39.46694675175753
1189,6.425744185303631
1190,33.553296404869236
1191,-30.792346000948335
1192,-17.429867807230565
1193,6.588365863980867
1194,6.929448042962935
1195,13.688239403673828
1196,54.19102543632921
1197,11.693024911512595
1198,-18.153287307009446
1199,4.727856556831121
1200,-8.705960066514841
1201,18.48381845656045
1202,-23.473831702235454
1203,-11.717108825445555
1204,-9.039845759039181
1205,-8.104683455928022
1206,-23.812050319892347
1207,-1.4856216118307124
1208,45.81538931229815
1209,18.72178212978594
1210,3.255892456362211
1211,76.51537444837766
1212,6.847886632228989
1213,33.924694586618074
1214,3.510677812544111
1215,24.25363071152629
1216,11.743489523397022
1217,35.70496525386177
1218,5.557838796792005
1219,-24.495851611524024
1220,-15.635973550335828
1221,-11.602656345347615
1222,-8.926969657681731
1223,1.168618888004135
1224,-4.420905846889486
1225,-15.977209426409614
1226,-3.575630076568265
1227,34.48715678322968
1228,12.988166718553039
1229,15.081860883228186
1230,27.470658055023026
1231,35.21568731157393
1232,7.577057208655203
1233,5.889952783032916
1234,-4.344381402143234
1235,14.812242919943372
1236,27.439853406207853
1237,-48.11933017043509
1238,0.8007699300992188
1239,11.512963697546347
1240,23.91906010588807
1241,22.9002921964951
1242,14.86641456628848
1243,10.203587080007154
1244,23.836601145821618
1245,-27.830165768083468
1246,10.815461950732285
1247,20.65109873518705
1248,37.21211253751178
1249,28.9335522308766
1250,-53.886507268875164
1251,-26.02238319663538
1252,23.65918177526592
1253,45.70902726808659
1254,36.297348557702826
1255,18.8493409308253
1256,16.083189134243824
1257,7.315760330456529
1258,-22.178198171774504
1259,-29.052267495043193
1260,11.00939271006105
1261,-11.662182891613444
1262,-5.770409098689728
1263,49.51592495385308
1264,6.341730034062825
1265,34.81368025682475
1266,-17.92759408314912
1267,24.285559039765825
1268,33.91567815133605
1269,8.376763806537173
1270,14.134465331065126
1271,-28.022314423953084
1272,44.42141922317738
1273,-23.380023393132802
1274,35.88117710502673
1275,29.216548664719365
1276,16.875255516273267
1277,-21.89163636089041
1278,-3.1539714101072542
1279,5.605664175991374
1280,29.836655755493688
1281,11.134837998627308
1282,-26.168009668871317
1283,-25.925537120606904
1284,42.963415756483364
1285,-8.656575531762723
1286,9.42302977673513
1287,-11.839981876852011
1288,-8.844689210012218
1289,13.446338369373544
1290,10.824932202645707
1291,39.6980051850968
1292,-8.948305966817337
1293,0.1033032269007581
1294,-3.9524767917262524
1295,48.113964540559756
1296,-19.321927579029033
1297,2.4795902684309046
1298,-26.26810699323625
1299,16.520142598485382
1300,5.2858144494763835
1301,26.4700061175285
1302,-5.507502525097279
1303,50.11405983548308
1304,-19.905187075503292
1305,17.213738448745687
1306,-16.209519142597358
1307,19.117336970670255
1308,29.50435358520145
1309,5.3369184709528055
1310,-19.261337067939333
1311,-9.791910488762852
1312,52.76819136751767
1313,-8.897513650639194
1314,58.326832453324585
1315,40.076901221306166
1316,3.0761196592860793
1317,-24.74871669936415
1318,-4.052282819461321
1319,-7.209977868061116
1320,-9.579443439587635
1321,46.361668128548864
1322,28.488804208652866
1323,34.646874161146854
1324,-10.031968406051575
1325,8.405714960241514
1326,25.442179245604592
1327,37.30528767396264
1328,38.99223354930642
1329,-6.404887796726465
1330,-30.226268020821305
1331,12.870922001027804
1332,3.2013687295050284
1333,-2.00000985853543
1334,-21.03620373115533
1335,29.461020458545025
1336,23.199984592229487
1337,-18.91001584207806
1338,-20.12749553365258
1339,28.18241868196569
1340,-32.72030709624353
1341,-21.169706428896667
1342,-2.3820335664215158
1343,18.65902243368059
1344,53.74194848040784
1345,-25.148093013375657
1346,11.198714547922005
1347,-12.872675954440265
1348,-22.587508897184748
1349,31.076627284920882
1350,5.192116744276819
1351,6.328121502480755
1352,-15.15874399857789
1353,17.68348728915393
1354,-11.333183176861285
1355,33.814465604363086
1356,0.3670412881437066
1357,-49.50977957335617
1358,-33.581147261694795
1359,-5.699005182713646
1360,-9.172806207337409
1361,-0.04883577831014918
1362,8.848220424761845
1363,34.61625049891424
1364,29.717200141026144
1365,-9.528519485665427
1366,-23.996096465341736
1367,-49.802064611997004
1368,-3.5469967212337936
1369,23.297327222339522
1370,-17.815570919775155
1371,15.427410679740472
1372,38.31962198601734
1373,2.0016180041004596
1374,49.634686146337806
1375,3.5148916756586983
1376,18.871484795331277
1377,1.4897740960677188
1378,20.13762569364861
1379,-11.922082756693793
1380,4.329542698802897
1381,-20.179499231155027
1382,-30.88442524730062
1383,30.812994760418665
1384,17.657397948239762
1385,-38.03784236379579
1386,14.99202524573488
1387,17.98344400705682
1388,-15.914271352694886
1389,14.110338118779012
1390,-21.855585098233554
1391,11.752651889477407
1392,4.22070197894346
1393,-23.813350354967447
1394,44.27997264484832
1395,59.86632748115622
1396,-0.3004709926847342
1397,29.810610829078545
1398,-22.96109957499038
1399,-14.484210944160697
1400,-6.695542071799445
1401,-13.822715965160782
1402,-11.491090410960496
1403,10.999018970312536
1404,-29.04368857001474
1405,-5.152519952313911
1406,23.72183884432
1407,3.958510128570633
1408,-12.642808386390147
1409,35.74299015729769
1410,-50.512502271822974
1411,-33.65657039452476
1412,35.08218334333929
1413,13.299107441076643
1414,-10.212982432373579
1415,51.21948576701358
1416,-34.72251747744457
1417,9.170764914168025
1418,11.947364295843737
1419,-20.49449440159765
1420,3.5364769825870908
1421,32.86333703714833
1422,15.662100728187333
1423,29.367633857228093
1424,11.543421896986075
1425,40.86428327887417
1426,-39.31514900055914
1427,19.764490515894142
1428,11.33759366689977
1429,-30.398256568564477
1430,18.13769628904715
1431,31.553552072072208
1432,35.765558768147244
1433,-19.47911779768954
1434,8.467754575499661
1435,18.057572075445265
1436,-17.779834079536474
1437,2.0254671496961496
1438,5.168394578218913
1439,2.4779673500509127
1440,20.706400949545788
1441,5.512917113333088
1442,-11.759522668852714
1443,9.715470311134755
1444,17.66763044062908
1445,39.53675460051631
1446,-38.07114889953835
1447,7.448934525332101
1448,-2.719277562096191
1449,7.817864757251417
1450,18.843715860466094
1451,15.394331343730396
1452,-4.538943119571282
1453,-29.663566537064085
1454,10.56551930948119
1455,55.53854790416883
1456,-0.5806149768211579
1457,-8.084603107945359
1458,5.186925147971387
1459,-24.061693176255623
1460,47.89026044690778
1461,-1.0820942295514246
1462,12.599055139226838
1463,40.83943507976223
1464,25.609456986565316
1465,6.733720605959913
1466,11.27603317891581
1467,6.21951550114331
1468,-49.2740051979047
1469,36.35727506717923
1470,28.62513333476974
1471,-68.62238580911294
1472,-0.22853142784302616
1473,-60.59121259667853
1474,-2.015965356782184
1475,-29.49793182641029
1476,8.662635292087966
1477,-0.4142055537971636
1478,19.016327989060024
1479,23.170067932721672
1480,31.737137322826737
1481,22.435392686679183
1482,-27.600108585794064
1483,-5.310220157168992
1484,52.92848783800659
1485,3.2140858352872197
1486,4.749092295848043
1487,-5.379575843432461
1488,13.337479167800986
1489,31.57654699462286
1490,40.26091816429502
1491,-36.26616421886305
1492,20.983645361571398
1493,-24.11124192289034
1494,-48.427389506818
1495,0.05516805070995989
1496,-5.8851753775830735
1497,-4.71190793568742
1498,-11.617384823887143
1499,12.532284322510122
1500,2.8771361621191773
1501,11.799403985046766
1502,53.99877391636289
1503,26.83074600309211
1504,43.50633542440164
1505,42.21522634959919
1506,11.145255737399687
1507,24.756017832135612
1508,19.180200198092976
1509,29.114747103111412
1510,1.405001814335109
1511,17.870377247166996
1512,66.2251448629171
1513,22.762521008263057
1514,10.44156402667025
1515,23.185153264221913
1516,14.612677997130493
1517,29.133821479088482
1518,64.16383024259405
1519,23.160191701182782
1520,-18.9808772724686
1521,-21.652383941850523
1522,-32.93126712191305
1523,48.30035833773854
1524,29.239111580852523
1525,19.51782411062562
1526,39.40300100174302
1527,46.83734067757149
1528,37.805901924836284
1529,84.00108731646742
1530,-3.8441536556781557
1531,44.663971820528836
1532,19.858174026000686
1533,24.137025194601986
1534,-8.992081958620425
1535,62.14535684250416
1536,60.68574877574125
1537,75.87052089983098
1538,112.6727437176682
1539,100.45362264150396
1540,135.8963635563727
1541,81.96305354687753
1542,136.08639176770805
1543,143.04517934361195
1544,165.73754267564794
1545,151.10439169944482
1546,173.84341647155378
1547,167.93684634239338
1548,233.25592383717796
1549,211.73001827039454
1550,202.34350887042342
1551,308.30155881177467
1552,284.418582171882
1553,305.7197708493071
1554,312.3907015922548
1555,312.6546376312614
1556,345.565292240908
1557,403.0532154993944
1558,396.1996291633282
1559,467.5975428012885
1560,462.51383417169706
1561,529.4162941516462
1562,522.1642393560275
1563,562.0697067371214
1564,626.4577731752378
1565,629.6415311149459
1566,688.1291015318519
1567,715.6328998189149
1568,756.7657962703913
1569,785.0633278456602
1570,814.2928694434978
1571,890.5667306014203
1572,919.850722080132
1573,936.3321554410217
1574,1023.8448807178152
1575,1031.9092304321252
1576,1069.3700141762108
1577,1112.637252304457
1578,1172.1318368531065
1579,1214.7755625760824
1580,1270.7057420134902
1581,1279.2203122295277
1582,1343.1629220320197
1583,1367.079167880342
1584,1405.318604598338
1585,1437.5934981236637
1586,1439.1599414445013
1587,1511.1830982249485
1588,1545.8228315350327
1589,1541.1708753009352
1590,1617.4518312919336
1591,1600.5871149469197
1592,1576.529513269338
1593,1636.6590486498458
1594,1646.5529631260058
1595,1635.428257537066
1596,1692.9946099335316
1597,1702.283002129134
1598,1634.8512745104456
1599,1721.7215993059874
1600,1703.192974429054
1601,1678.326615340285
1602,1703.7149440920855
1603,1682.45316728061
1604,1668.3931200409097
1605,1663.259979965406
1606,1614.807393897778
1607,1597.4750601792853
1608,1599.767498898384
1609,1627.7533288109876
1610,1605.8853780463037
1611,1510.9793368246312
1612,1539.4725038542335
1613,1514.0615865941452
1614,1460.5508592675585
1615,1432.007530940937
1616,1372.6506613436604
1617,1366.3929628260262
1618,1308.0215557699516
1619,1223.6679466943804
1620,1232.5987805564687
1621,1212.2186310348595
1622,1141.4893089404902
1623,1111.6116198025732
1624,1108.5971033712651
1625,1031.9208748414458
1626,959.1129880091443
1627,981.9609958788137
1628,938.5401829295823
1629,855.0223710294629
1630,858.6591089836991
1631,815.0031741564495
1632,762.6527695170948
1633,682.1204911292573
1634,716.0709024743803
1635,608.7490277119228
1636,573.7806822885027
1637,569.0508265478783
1638,526.8616323778281
1639,493.1804683853296
1640,482.99649940176374
1641,428.6689481815547
1642,432.6079036167806
1643,393.8225650542186
1644,412.7561052952824
1645,342.3826744598242
1646,306.6344909703748
1647,301.6936511456924
1648,294.3789849701763
1649,272.181361534345
1650,223.76970202927492
1651,245.4523328824554
1652,221.43048455409306
1653,207.46434817705804
1654,185.58563861337805
1655,161.25078562460175
1656,102.30647922481043
1657,154.8215865619607
1658,130.90997003756715
1659,125.10312278373773
1660,167.31455768314612
1661,90.16201094227036
1662,92.15011496484802
1663,59.54360605915924
1664,73.59286964645946
1665,57.112137797348595
1666,75.2602081758931
1667,12.283434692712234
1668,57.89748053828977
1669,44.32237922896409
1670,16.439194270934557
1671,25.5472191432789
1672,22.155699925673616
1673,35.71189108897793
1674,42.533664010110954
1675,11.579068469579035
1676,10.80046834951759
1677,17.816346598584445
1678,50.09887791790598
1679,43.27731609014547
1680,8.60937678816028
1681,9.569502801838512
1682,-8.75319349550466
1683,-3.0181580065230627
1684,27.734266620244206
1685,4.3512313305938815
1686,-5.958570758622887
1687,5.011909025823373
1688,27.53871511475466
1689,-14.269585302973505
1690,40.86110602074411
1691,13.76471647920608
1692,-2.9712816412293064
1693,-34.178237227781125
1694,-31.095925935901498
1695,20.496596032071338
1696,28.836173624485752
1697,25.53634353599659
1698,12.901870495591627
1699,-0.21640778126757354
1700,51.93189997613621
1701,-19.121991043888116
1702,14.217257280092745
1703,13.278378189441908
1704,20.122521063740358
1705,29.85538770798497
1706,-1.5160846993641357
1707,27.65581622535545
1708,-2.2415145682769237
1709,-42.85892609555828
1710,-4.586226516167058
1711,33.832842893973876
1712,1.5824576212953172
1713,23.039612966618204
1714,24.464665584486937
1715,-17.282803700279295
1716,15.134588426684711
1717,67.25181641786467
1718,5.777821939056602
1719,16.73065482180519
1720,24.28249117277655
1721,-7.47759365443311
1722,7.899897843380019
1723,42.138245367821504
1724,-41.686844137032196
1725,40.59397818119113
1726,-40.323112924526335
1727,25.471446597938844
1728,-34.35911656047773
1729,-46.97063603015202
1730,7.398071399983234
1731,35.484970387918075
1732,20.162800999368187
1733,1.5193154619061975
1734,-20.28469669013295
1735,6.227979918958048
1736,-5.962628678944087
1737,-17.321804948905204
1738,1.4289658971760897
1739,-24.10052960403999
1740,42.82604165842637
1741,-7.582294294118831
1742,-22.59812918166983
1743,20.3169967025876
1744,24.67918594037991
1745,-22.028225715126897
1746,12.367174377837511
1747,21.9144257821032
1748,20.452247402191617
1749,-41.96217739299358
1750,24.22598988390529
1751,44.8095236231672
1752,37.30740298200813
1753,43.730366039674806
1754,16.470656005351476
1755,-0.6588550761268719
1756,24.451548074264522
1757,16.793145442493422
1758,31.852537242947307
1759,-19.90189054664797
1760,8.050249385369478
1761,32.96912067930961
1762,47.983506095461095
1763,1.1688082994120501
1764,30.79181555755686
1765,3.0909880164583834
1766,25.165233145752218
1767,30.425451780113203
1768,-14.430759861935886
1769,21.445667882438308
1770,-21.317375674482903
1771,-58.97166896011517
1772,21.51400503392437
1773,-0.32872971579982124
1774,-6.859494400673226
1775,-11.3414694729473
1776,31.623361269184812
1777,7.857159399352098
1778,34.63436224070034
1779,-40.88626479133436
1780,0.15909371710921505
1781,-21.390335547116813
1782,10.86848318949286
1783,33.95344149079697
1784,8.088291446341314
1785,47.87173691270433
1786,30.779157281938083
1787,28.112190865199715
1788,4.040216677673012
1789,3.156336519086094
1790,35.29631251825187
1791,-1.0453948303270755
1792,11.298697975777236
1793,-12.395830166930041
1794,16.982156681148346
1795,32.51552910554946
1796,-10.73584664756499
1797,-20.304988040123845
1798,-13.246621126053661
1799,-21.314462937255527
1800,29.970422027885206
1801,20.562889050342754
1802,39.02082572942709
1803,5.067194819744361
1804,-0.32694899984685133
1805,11.195007029755667
1806,-22.892807518589244
1807,-23.424693872237768
1808,12.725798347041387
1809,3.018641400371892
1810,-0.5135731922646007
1811,22.998089170631644
1812,1.4221098134290777
1813,-7.107717373145666
1814,21.449979922636828
1815,42.405189622248756
1816,-0.3276452274283841
1817,-7.7892652881541204
1818,-9.93075149366951
1819,20.848204901213474
1820,-22.285295928857273
1821,38.47704963329123
1822,9.284348997952426
1823,-10.911995040933771
1824,36.84762343270054
1825,-35.23803543156949
1826,11.969411126618535
1827,8.996140055135395
1828,35.532617190318376
1829,40.93047533772647
1830,21.762302022933895
1831,4.033637508394225
1832,0.5074419832300885
1833,41.24348581496555
1834,-9.192964987111097
1835,33.16359104982649
1836,47.800025794298364
1837,42.05459246253375
1838,28.47025941622049
1839,5.329098948585619
1840,-29.15054573934595
1841,-21.56643384478555
1842,-12.827468983511856
1843,1.165415228184286
1844,21.699839849143892
1845,-1.4528501911852878
1846,28.575906759413616
1847,-1.9075008748651454
1848,8.269598468585237
1849,10.243455491163475
1850,-25.811870685315355
1851,9.227738419832516
1852,7.612202951889085
1853,1.1859498303133407
1854,-49.08186135324952
1855,15.840889634067882
1856,35.866005817147204
1857,-6.978778987377666
1858,-18.720838330979586
1859,15.285565717193467
1860,-44.4691516180466
1861,35.04124183006239
1862,-1.1994742225525927
1863,15.432691912423646
1864,25.32048157738955
1865,-5.733304989362651
1866,0.15457965465772094
1867,22.997116169062135
1868,37.372551158532076
1869,46.95886153749395
1870,-2.6097785202159987
1871,19.97958595493209
1872,9.644593484617403
1873,-42.98053187416818
1874,16.135686013066614
1875,-39.546681814793814
1876,16.66662955257063
1877,-4.470615206284462
1878,31.95474531375979
1879,12.426957127885201
1880,-28.220430106645175
1881,-27.312859679333908
1882,82.61668278812643
1883,21.79079254530358
1884,19.17854156345689
1885,0.015845740331505098
1886,29.96061749785631
1887,23.764999746059384
1888,31.381663927947738
1889,22.244416959212877
1890,13.974662152501374
1891,-9.69058264472395
1892,45.227607544605824
1893,31.55281667423504
1894,25.179892000224907
1895,11.086916824636305
1896,-8.758546419233578
1897,-14.978132732832652
1898,15.957302892754747
1899,22.63280922494661
1900,13.531810543229653
1901,-63.30252793772728
1902,43.50673994651425
1903,-11.764983346469812
1904,14.678867650153009
1905,-10.765362412362787
1906,12.389587222132045
1907,9.845142578147406
1908,24.915842869814174
1909,55.05934840983107
1910,-12.847022998725201
1911,-0.9841998574269812
1912,18.578771043185828
1913,15.184405650930985
1914,-16.218477990940272
1915,-19.80331692447758
1916,35.219048214996896
1917,-14.034324020332784
1918,31.49205862790434
1919,-7.8955917958744335
1920,13.057205439692401
1921,7.027627895805598
1922,16.50116173351644
1923,-11.543376806563732
1924,21.63444710005862
1925,12.316880156913658
1926,-37.864977827233574
1927,1.2770717137741103
1928,-0.6800820631033266
1929,49.55301602201648
1930,-35.700524457389086
1931,6.0181464034722625
1932,11.272312009882434
1933,-8.249739619368805
1934,11.919188134042587
1935,-18.7599488749231
1936,-16.344550426291267
1937,0.8709223677933018
1938,-6.204645996419359
1939,-16.05767444483057
1940,12.616143697303727
1941,18.492064409931636
1942,29.73877992768471
1943,19.40508691608482
1944,-5.5930694288559915
1945,34.2483268374953
1946,10.286564194126885
1947,19.414009458628065
1948,-33.901862277758404
1949,53.447074203933056
1950,2.1747858016986292
1951,27.04610194032768
1952,19.059203670236357
1953,11.684473142199437
1954,-29.02987035501691
1955,-7.076040386638206
1956,1.3325866264022013
1957,33.956186635036474
1958,-3.9301052876742997
1959,22.518671999101635
1960,9.777365695017643
1961,-0.39487353557177496
1962,-26.582536590251117
1963,-0.2841110663893094
1964,-11.829398343109261
1965,25.64350747367535
1966,-41.76338045147719
1967,28.79383959889811
1968,10.018116119668232
1969,-8.130734421000941
1970,5.521580071672534
1971,16.530257943871963
1972,-11.22474275019973
1973,7.121430359965012
1974,-25.146727566794535
1975,-18.530463818616216
1976,12.730287898126896
1977,-21.91899919335322
1978,-10.500300914976995
1979,16.036478042227902
1980,16.91660786448257
1981,-45.913710567038976
1982,11.64101448960724
1983,30.839324653522066
1984,-3.2796823719357127
1985,27.4363931584595
1986,-19.321278749771665
1987,38.43576038572899
1988,-16.05233489007076
1989,4.414571972749789
1990,15.875563610443892
1991,-34.278271403210326
1992,-3.0216581763224815
1993,-6.2442796562012655
1994,7.31479877016208
1995,-8.698283125125991
1996,67.5047167254951
1997,53.70009668987578
1998,9.030045632918771
1999,-27.152739254592873
2000,16.602830818106746
2001,41.825365016161776
2002,-3.6073688417307306
2003,-30.265821282004918
2004,-5.275235624091386
2005,-13.255431436135407
2006,6.509718329145093
2007,24.794347294169967
2008,20.56137807124954
2009,18.12899667122353
2010,36.356434820963145
2011,-12.805720459762671
2012,-2.4912016573295235
2013,24.363412082501082
2014,18.841706128389426
2015,-27.05040947193028
2016,1.2011760782382304
2017,19.95477020508865
2018,16.703332097578226
2019,51.894874874658896
2020,-15.289974675636838
2021,-45.82836843902967
2022,3.4291684296801477
2023,25.371680288112323
2024,20.46044915310159
2025,-9.998137346613703
2026,8.031509190523126
2027,-4.373329900220771
2028,-14.306232345977143
2029,15.224836473003208
2030,-6.873920835685855
2031,1.8073084098490622
2032,20.010188089826077
2033,-11.563613508210064
2034,3.58067148906746
2035,46.4048527653015
2036,19.41087077204242
2037,-36.21952604568002
2038,-1.6085595911393078
2039,10.01018070537236
2040,13.923858446082523
2041,19.172685375229005
2042,-11.64748824082542
2043,-59.43045396374394
2044,10.038364397627467
2045,-13.374702222562451
2046,-9.852300272761944
2047,4.036992656519132
2048,-0.001472692704666656
2049,4.815788480648922
2050,25.85126836872849
2051,-40.65040457752744
2052,-11.98224676736562
2053,11.362659308114175
2054,-8.585301995658568
2055,-18.794729305230327
2056,18.00382328627516
2057,-16.33270670700193
2058,-5.669005176918226
2059,14.989522426904342
2060,10.535797792009035
2061,-3.133214700088014
2062,-39.73278992738157
2063,-25.240622107563475
2064,-13.24454607209901
2065,59.25871845269661
2066,48.86882047032453
2067,-18.56810425225911
2068,50.42031336728723
2069,14.046930354082765
2070,-17.230370033051294
2071,1.9548878198950188
2072,11.882008477176093
2073,-11.339171158238635
2074,19.005970830093826
2075,12.595575225894803
2076,9.43059713262481
2077,35.45120533479266
2078,37.4202454889666
2079,21.56933749194306
2080,-12.666073701911678
2081,-15.130810047837922
2082,-3.8539550035228434
2083,30.906990047259793
2084,43.83866018374167
2085,-42.02974381820024
2086,20.239497694803042
2087,-5.7361385672794025
2088,27.12342193726905
2089,14.731166890624577
2090,-4.707447120515042
2091,13.044593675212752
2092,-28.430152183212666
2093,43.22409849956336
2094,-2.93188904159404
2095,-12.476470197843687
2096,-28.53746171993073
2097,16.22014617982011
2098,-9.335277836288496
2099,21.257160656240654
2100,-18.722686322842264
2101,36.52510594930161
2102,-1.6412703740302383
2103,36.22351899253444
2104,21.217164707887093
2105,35.05456156570262
2106,9.413951920230854
2107,-2.3143417099243244
2108,-3.4059574691280696
2109,6.230331468323736
2110,13.000865128724632
2111,55.953400588521546
2112,-11.30037189536575
2113,-5.118816405748192
2114,62.93401161423954
2115,8.14943194243179
2116,6.405866648984085
2117,28.07305153342564
2118,-1.0882480482509305
2119,7.502565617863662
2120,29.456736436051973
2121,36.09975997633777
2122,51.602080350312654
2123,2.8433508011768485
2124,-2.6372518030652223
2125,5.616744575342402
2126,34.89405527258751
2127,-23.01516846473543
2128,-17.13829728844388
2129,40.785468969462805
2130,19.049704133916737
2131,2.74470940265605
2132,-16.754267757767842
2133,52.59073284235566
2134,-0.47716048714965087
2135,14.790386074231566
2136,33.035001701526014
2137,16.080591474471184
2138,30.747599456247382
2139,18.944205152169253
2140,31.578042175161393
2141,47.49317034233133
2142,26.20196173779098
2143,4.800026449390714
2144,8.312678760209485
2145,17.414964579095752
2146,18.045790010202122
2147,21.243490062042653
2148,-8.472214789687515
2149,33.71648610991361
2150,8.332834865311037
2151,11.728440082967653
2152,30.21315895598613
2153,25.86022871721671
2154,-10.332337203235642
2155,6.063265035177951
2156,-14.35545515630256
2157,2.0578251848690066
2158,81.75736050325762
2159,-3.970870760283857
2160,-7.251477852917027
2161,11.725811248630848
2162,16.984810741089834
2163,-11.360987694580817
2164,-26.01725844971211
2165,0.21874064003626525
2166,38.03893207631413
2167,-30.78646130859711
2168,11.089889459246974
2169,-8.478723880317407
2170,24.05044735977487
2171,-40.276839815777585
2172,41.202951263004785
2173,-6.976369911862098
2174,8.408350483665636
2175,-24.05831967737737
2176,10.747276007433227
2177,19.488615297373993
2178,17.814493272806526
2179,13.308968115882628
2180,41.92291154576834
2181,-14.569139318291427
2182,6.841434684975727
2183,24.61473363771516
2184,-39.44861172094307
2185,22.1673818719725
2186,4.983404064393799
2187,4.6199145620003605
2188,26.350595409049923
2189,33.09837911127626
2190,-26.416503557843498
2191,64.47561099279771
2192,3.973068855093089
2193,30.706823962838538
2194,-43.01582668677642
2195,29.51039789447438
2196,-2.5033897257518003
2197,38.21608866348797
2198,32.18947174057867
2199,-1.8457546517355627
2200,25.653365185854355
2201,37.706941874478424
2202,-6.010812152589706
2203,-17.19005953386561
2204,6.348692344047265
2205,-1.3971787323515255
2206,42.10163998868913
2207,20.063509665485235
2208,24.301500396412262
2209,-13.292556416535911
2210,18.908048746607058
2211,46.72925085527159
2212,19.63507352806885
2213,-22.955750439909217
2214,9.032194324356775
2215,-9.367727594908308
2216,-9.07184626415582
2217,26.10065761524813
2218,-35.061639218842366
2219,22.918272717289767
2220,-9.368524233295199
2221,20.667836099466108
2222,6.794037128675521
2223,-28.770615918184355
2224,8.718097076154994
2225,57.17491753184839
2226,-20.73930502600603
2227,36.8646310653635
2228,34.54215525224628
2229,11.321008027063586
2230,11.04942999104368
2231,-20.623093924866353
2232,-1.8306329386088294
2233,-23.5673565306571
2234,10.642061103813372
2235,11.950331403385999
2236,13.481321420036263
2237,-22.1967104118241
2238,6.759137016321982
2239,11.454666475717726
2240,45.094293889020605
2241,60.35240435109223
2242,-14.842425916059208
2243,-22.18409053299147
2244,20.421296144370626
2245,-9.807001709682499
2246,-13.638614743444261
2247,65.34464944931254
2248,44.68512628983737
2249,-4.893443696315783
2250,17.74083350180848
2251,-14.78764254690585
2252,12.969686662869995
2253,42.855613124120524
2254,72.98913222833646
2255,-23.946816236645013
2256,2.9361067568939374
2257,-0.8951581051314079
2258,-32.58438832310367
2259,-37.44792357661231
2260,-8.751656249225933
2261,34.28235742830614
2262,27.80672916373217
2263,-20.65228989663013
2264,7.423128919908553
2265,34.22384737753685
2266,-15.228489147647377
2267,3.7828475130829577
2268,0.1128455957091834
2269,34.588261526122906
2270,4.79980800080226
2271,66.67936842175591
2272,1.3493076199588536
2273,37.337920223104305
2274,33.99838235301233
2275,21.70324715648202
2276,-31.045074199974948
2277,-9.074050427299976
2278,9.131693377255996
2279,37.946971430846375
2280,17.67631674686737
2281,13.417569997282875
2282,2.2087642661318414
2283,26.822818800518377
2284,-12.66030784337318
2285,9.892825472364176
2286,-18.827309668355902
2287,-54.92868563853347
2288,21.892230120990785
2289,22.961653528704115
2290,27.213042716168914
2291,7.961756022033417
2292,15.59531429221112
2293,26.94927118499636
2294,10.469430666618255
2295,13.59852855392607
2296,59.63467709022312
2297,16.631747632613333
2298,8.757139588500273
2299,24.11882126591108
2300,9.415298977381578
2301,31.22607431900116
2302,34.180269005157136
2303,31.389782015907883
2304,-8.812866018172212
2305,32.639261988193894
2306,-15.181767224142309
2307,-0.15422609479386118
2308,3.569357204087196
2309,-31.66125753644515
2310,-3.589683336220835
2311,16.38997955286794
2312,23.454234906934918
2313,-3.422430396748865
2314,23.888751158588107
2315,30.63867420981689
2316,19.33361034338349
2317,-37.10659387021708
2318,23.889465235296043
2319,18.20975281641283
2320,-7.504545152627205
2321,-3.37299342553664
2322,-31.325201584037444
2323,-33.03593672035139
2324,24.546725097944567
2325,-20.513330841892888
2326,-9.044166590932276
2327,16.037366583855732
2328,-19.138139458623424
2329,16.88175155115939
2330,-1.3265501547645915
2331,16.947961975481135
2332,0.9776965389316015
2333,-19.302765490042734
2334,99.03386188450588
2335,42.18820156177989
2336,44.68250220504633
2337,-8.592175133551931
2338,-3.536234503007609
2339,-3.820167854480525
2340,-59.661384206867666
2341,27.01682193591484
2342,-1.8266253758993969
2343,20.733989702062686
2344,-1.7214046382741248
2345,21.544638635883828
2346,20.356830172255705
2347,-1.4219914620641365
2348,-1.2537869847268794
2349,28.45048104799729
2350,-14.267773510363993
2351,-13.01467320677387
2352,-29.32461403828955
2353,8.85165422133249
2354,12.159680284822672
2355,3.593170363179455
2356,4.186082589017694
2357,8.745497588259763
2358,30.96899123259862
2359,9.202698994259956
2360,16.045048866479195
2361,23.785022069919503
2362,2.134601967169494
2363,21.098070939114372
2364,16.130596352795116
2365,51.81088561041052
2366,20.00368606385172
2367,-1.1977086085602213
2368,31.658386924929463
2369,-20.733460767335323
2370,-42.37564040947562
2371,-12.868220589390596
2372,-6.449743533809272
2373,1.0574507635965542
2374,28.74379114998954
2375,13.117933855145761
2376,-24.50422526896218
2377,25.7759965583352
2378,7.9040546774015334
2379,-21.519502524823388
2380,7.554856054351722
2381,-51.09131779165456
2382,4.391395941485183
2383,-17.13777146281661
2384,-1.5761812265252306
2385,34.975725297079066
2386,16.62815043213034
2387,12.526768906396013
2388,-35.78944691498195
2389,27.141102793042002
2390,20.628035578587422
2391,4.528995266415411
2392,8.355324383006701
2393,4.114866456322985
2394,48.14985418319806
2395,-32.519640478352315
2396,6.6765753337127
2397,2.188449764834165
2398,-10.626853305957676
2399,14.847410277117223
2400,-25.335574641571544
2401,12.136973835928984
2402,21.8554780036831
2403,-4.73516318319264
2404,-40.17740783115512
2405,25.680421776027725
2406,-5.38976480196018
2407,-10.071338705903614
2408,-39.44713762254593
2409,2.113283541592981
2410,-1.729385974802776
2411,17.324235742218193
2412,-20.312940612001327
2413,4.125436222838392
2414,39.02125056645203
2415,-2.333147913126526
2416,8.063769952444213
2417,11.797684796923946
2418,3.198933645071417
2419,14.684364649154274
2420,20.99691327440415
2421,73.47532379933402
2422,27.05469015007114
2423,-1.6614391775824
2424,50.96123521791691
2425,3.574975696082805
2426,-33.575986417839104
2427,-14.406642243812252
2428,-12.083952193172854
2429,2.4634125636309916
2430,11.005685289090199
2431,10.70679320099076
2432,-19.544786738655038
2433,24.932458974084888
2434,59.97904437151755
2435,-11.095876101289528
2436,-1.274200322018224
2437,31.852889312690788
2438,33.98602434112526
2439,17.195685615419485
2440,40.515595861803746
2441,-14.779146554781695
2442,-12.058714359898445
2443,-12.742344336142908
2444,17.12219971947345
2445,-20.716100991524836
2446,10.167874652386729
2447,-2.5027889990997743
2448,29.45776826491719
2449,-9.550308481083361
2450,18.507949928941645
2451,-7.332906590279743
2452,-19.04934243994206
2453,54.05236773772865
2454,-31.89554612461881
2455,-36.194519358958445
2456,-7.064393422310104
2457,29.576658950065536
2458,35.59829724529485
2459,30.113294384771073
2460,-17.01770959706868
2461,-4.137931861416332
2462,29.614368273159776
2463,40.94998545650249
2464,15.25684533460944
2465,48.09936243400146
2466,-9.554878080853836
2467,1.476036339006101
2468,-16.645250589647446
2469,11.40258024723352
2470,-0.9712193225664976
2471,-7.889329213698204
2472,-12.663230923997055
2473,36.86799486356651
2474,-6.736014069723932
2475,15.819878034818778
2476,36.126622351413396
2477,-14.972767915135616
2478,9.359574946196707
2479,-12.789206409869188
2480,-13.11002343373205
2481,-40.233153857864004
2482,20.993573638934947
2483,-22.826794350365205
2484,24.855174807371306
2485,14.524356020081658
2486,29.715415950825594
2487,56.4257179790079
2488,28.829828159296262
2489,-8.321990677710163
2490,34.53555837847327
2491,19.392199898994676
2492,-26.49507746477225
2493,26.76189482753152
2494,-25.494702500162276
2495,-13.154500804448173
2496,8.589615458812935
2497,-19.467948350385136
2498,28.291428827840175
2499,-5.666711282700069
2500,-29.520858856013433
2501,35.91989631042246
2502,-10.352430737483514
2503,12.53820216700453
2504,12.540175461049834
2505,21.433731760115116
2506,28.73849866340017
2507,7.041546796156476
2508,15.761735908048314
2509,-16.745471441160984
2510,-8.689843404902819
2511,17.75344479293078
2512,-20.63083115128861
2513,3.395360038559039
2514,2.510059085945872
2515,64.45040119769642
2516,-3.332584154787492
2517,-37.567650477286925
2518,45.01588346867449
2519,68.71741020859803
2520,-4.371447547633132
2521,-20.754821749111798
2522,61.91715027311379
2523,31.273125245081978
2524,13.952986341742715
2525,22.211098542944583
2526,2.7968446542075203
2527,24.322206281096335
2528,-2.5583691977572602
2529,47.4961973520939
2530,33.088502039790356
2531,38.782078803297
2532,24.50658883016857
2533,-2.13414752090819
2534,10.047395280757874
2535,15.723147998303716
2536,27.577697874938707
2537,27.23715644385627
2538,-7.76492171822667
2539,-4.365459987339976
2540,36.28800729289274
2541,-14.198683030155522
2542,35.146196161362624
2543,11.215499170374255
2544,31.128086265082437
2545,38.42459112517025
2546,7.4137799372886946
2547,18.82680752999353
2548,21.828583748949917
2549,-30.398732479607496
2550,12.739886468123785
2551,-2.6587791523704176
2552,-15.676451713927813
2553,-13.299801682860034
2554,-18.050887203389014
2555,-3.8550379678942903
2556,86.69989132506475
2557,29.26045165002286
2558,4.744970225385427
2559,33.52686707817887
2560,2.6348765903911575
2561,-1.2641271047499174
2562,-16.256217515631423
2563,-10.273064369230726
2564,57.83575944056312
2565,56.23155077209035
2566,77.6276405398737
2567,0.07850412344322422
2568,0.12501995305171398
2569,3.821247868531078
2570,12.317141899752734
2571,-20.353613452348064
2572,-3.485747192099314
2573,24.105893758837407
2574,-10.567750148913655
2575,-29.4978209224467
2576,15.01578611081397
2577,12.639430844985668
2578,4.388664949646457
2579,4.680103699529368
2580,-8.74349242913317
2581,-27.907572123699154
2582,48.02078519679532
2583,-4.715606760705711
2584,13.611287845816495
2585,37.06770618815542
2586,32.656180838104994
2587,8.524880690692058
2588,-6.1427610009435245
2589,15.287981614265721
2590,15.158291625187509
2591,31.885128435435387
2592,8.031008552855178
2593,-10.507421477387568
2594,-33.111838989532046
2595,-3.526889385315526
2596,-41.79534765088978
2597,-26.602410288573957
2598,-1.3032086574166097
2599,52.004528337196064
2600,11.105743146114063
2601,43.78768335401365
2602,-9.442182486769394
2603,-26.35078087312114
2604,-7.22778562564617
2605,-13.962812908888605
2606,-35.85864377011091
2607,11.414829088224284
2608,4.939694940661648
2609,25.06288027189056
2610,-3.204841973734533
2611,42.00291202856396
2612,-16.206170370484227
2613,37.97798845741781
2614,21.809104267822626
2615,48.35738690361006
2616,-2.6642246450040314
2617,6.522203642798918
2618,13.981156542887087
2619,33.03763698891869
2620,-45.17481898786039
2621,-6.17083639402388
2622,21.6133758409011
2623,15.044994592041597
2624,10.361603810073932
2625,29.098016950119266
2626,-17.770621143067235
2627,5.3168211752721675
2628,41.43544484076446
2629,-11.222265697180699
2630,3.2080753017781545
2631,-1.7167550140855958
2632,19.655579105513013
2633,3.8802223004803382
2634,30.243627941456367
2635,1.4296016149116557
2636,54.68426226086253
2637,-40.92295140207575
2638,13.216690284034645
2639,20.838291875019692
2640,12.814802043117773
2641,39.25471007283481
2642,-7.6700053863654745
2643,30.383040608371182
2644,-8.183829391634138
2645,26.66059709245298
2646,54.14913657541747
2647,-17.10343542676603
2648,-0.9406033753220626
2649,-31.667345340849103
2650,41.06442614449624
2651,-18.40491792741372
2652,-34.31576664651103
2653,48.217765152496014
2654,5.911592587546955
2655,-11.883857246242368
2656,-31.249919821047676
2657,23.43566437471975
2658,5.040996274435373
2659,-15.689614378576332
2660,41.21825086034741
2661,11.766055341145892
2662,-29.440784813147395
2663,8.922386788248799
2664,32.14542755848092
2665,43.85352446194302
2666,22.50393957868063
2667,8.58717514166164
2668,35.5203588820727
2669,27.141576019093478
2670,29.443061661366322
2671,-11.838874476912345
2672,-2.229755969099539
2673,44.443991960870946
2674,10.001083127488338
2675,16.14101959269799
2676,37.39360164256806
2677,-28.852557868362496
2678,31.685862683914728
2679,24.939913481358637
2680,43.534661491943375
2681,28.13445898313083
2682,-18.38629484514807
2683,-4.1735674271759695
2684,8.758192256396821
2685,-9.748597213582256
2686,-2.757536820317995
2687,27.52307271276381
2688,-28.903239558388442
2689,-12.513950517784654
2690,1.5458660427925572
2691,30.493342356417372
2692,1.7062355812321979
2693,-55.462321593759405
2694,9.691786661630303
2695,-37.25590151763993
2696,-1.4869339000646136
2697,-14.403737147167135
2698,-1.05433242289193
2699,-5.316281679891665
2700,-23.629342462169603
2701,17.53844290968086
2702,22.107211224360526
2703,27.337292051132057
2704,44.15862960180654
2705,-32.31028532940974
2706,-10.852772971080476
2707,6.986334434279563
2708,42.01445969989676
2709,4.741080887627252
2710,15.532800404463277
2711,12.527854214856234
2712,-4.609381904183788
2713,-1.5588127053989105
2714,-20.78343035927097
2715,43.49089029941931
2716,17.263332727206457
2717,-1.0937380061552737
2718,-8.807815112882162
2719,-0.3079341597826524
2720,-17.64300147859197
2721,-12.933907398484251
2722,45.6830750913532
2723,-12.676528456740856
2724,0.8903860162445074
2725,30.949894557544894
2726,36.76273683764361
2727,0.7638434067842947
2728,-19.69526372710783
2729,-14.776788360673365
2730,1.1312789008459312
2731,-7.666805271475818
2732,36.62167979416763
2733,-39.53861355220478
2734,26.42179014842763
2735,19.69985597195962
2736,45.499746224813975
2737,3.6122225242559463
2738,-41.418737116486895
2739,-23.408849840420523
2740,-9.886036066940077
2741,4.484078038989467
2742,-15.842034475695023
2743,9.487665772110697
2744,28.525676589445123
2745,28.33949773064149
2746,-22.783626175887733
2747,10.411360317211168
2748,8.570628320752185
2749,-4.678570007433567
2750,-9.259827896178441
2751,50.6820963717099
2752,-8.408313213656335
2753,30.78505567086756
2754,20.774044818694072
2755,-41.582453848771394
2756,41.761862263373494
2757,10.707500563646263
2758,-30.06183997265626
2759,22.37319128174625
2760,25.950231982065127
2761,-12.784056405546982
2762,33.47692491664796
2763,-7.807203980311037
2764,31.01177592014499
2765,-35.22203259133204
2766,22.878960341937237
2767,36.25299833614477
2768,20.12634164772284
2769,35.53775434099164
2770,-22.27049682706601
2771,27.849700870176896
2772,-11.20249758009421
2773,-20.00876306188652
2774,-3.946256728788889
2775,-17.018321300700897
2776,-11.914223578396575
2777,-4.083667463664485
2778,-41.04732927826926
2779,-6.994349974005859
2780,1.436655234085876
2781,30.786781179276858
2782,24.52959815260772
2783,25.85860536948585
2784,3.9104825229822673
2785,-29.135958171812863
2786,-8.138415507052459
2787,4.331400124263073
2788,-3.9315662369023006
2789,-3.7830074225620223
2790,-24.437162381133
2791,20.69186007953627
2792,-10.714166277614671
2793,4.560583358099568
2794,-10.602461697441239
2795,-2.059091848275843
2796,45.41379881466231
2797,48.97145232331206
2798,33.2330814645194
2799,23.539869478896264
2800,11.135735170096202
2801,-9.946675343443463
2802,37.19298278577923
2803,1.1657831630610112
2804,11.875834972737174
2805,21.92767198366426
2806,23.740551636600706
2807,18.800911496183815
2808,-13.793403359920848
2809,10.662010764259565
2810,20.306652509897912
2811,-7.9242754989938184
2812,3.6243213875023548
2813,19.8403922186216
2814,63.440328589839496
2815,40.822005556076775
2816,-12.311330538721975
2817,-38.16303792858972
2818,75.1565912470896
2819,1.0995542603671584
2820,-30.918271488187322
2821,9.707931360472703
2822,49.70151566510918
2823,-31.7569648011281
2824,7.381863267149506
2825,4.811132211048677
2826,-8.117610476150851
2827,-35.0884064577055
2828,26.693384605908523
2829,-31.63248881502228
2830,-50.32690239071657
2831,-11.619993322412919
2832,-21.57981145137915
2833,30.14913126938189
2834,-10.403878410133265
2835,19.932011203060775
2836,14.08030586161656
2837,29.467234754318447
2838,17.016727428647158
2839,29.53366721681271
2840,-2.3452312404968474
2841,7.647849892242894
2842,-11.8875911881823
2843,48.18090371909038
2844,12.002306919069643
2845,-3.679731522145369
2846,14.995607178189793
2847,1.3928682625352629
2848,-29.016975949384992
2849,31.914656968049787
2850,33.0965567492698
2851,-7.774355725893207
2852,-8.370212279064614
2853,58.014919908244394
2854,34.40197488769627
2855,2.1623290078923034
2856,30.827932962352676
2857,-8.923820235843994
2858,-22.498075397433535
2859,32.348388168830056
2860,28.168516567242804
2861,-13.853889714789368
2862,6.252528985609858
2863,-29.14484586989117
2864,46.92525039598468
2865,13.46994188318723
2866,34.91755016707722
2867,-17.47480491187304
2868,17.33096866116447
2869,-7.175763219869166
2870,-21.859410201088366
2871,39.883694526042426
2872,-29.970809892068985
2873,-2.0048800387974914
2874,38.80631490233031
2875,-18.046650118072478
2876,-25.150411628391794
2877,34.39482351761971
2878,26.900184502861848
2879,-45.12591934999447
2880,32.180787610064314
2881,21.494612586338
2882,7.684189014794727
2883,-1.9827945779160405
2884,40.40964741929194
2885,-45.39952181341341
2886,33.30269386763475
2887,21.087110088695937
2888,-9.60323266309918
2889,22.022724059498763
2890,8.862669759987948
2891,36.03778324491244
2892,35.91797474598744
2893,10.194572638815401
2894,12.25553668625506
2895,69.27121006677008
2896,11.522935489005551
2897,-2.4691678087739977
2898,-28.83784561812007
2899,-23.641854249095545
2900,-4.7165865330434436
2901,-4.85254566334377
2902,1.5685524127117638
2903,17.406066032692816
2904,5.375873416713767
2905,-30.489280194839854
2906,20.505377695579348
2907,7.655938923708126
2908,28.432968926110412
2909,7.969258212252789
2910,-15.108047282967537
2911,19.62271412958532
2912,23.00559198039279
2913,55.420838923364215
2914,6.326889610220044
2915,8.24959290490513
2916,-19.15003697980917
2917,56.27272544873132
2918,25.436694266018126
2919,26.317417139605737
2920,-32.79472569494192
2921,19.480716720004796
2922,4.662016538771092
2923,-10.096791889705703
2924,65.4360513706141
2925,29.349262276889515
2926,-17.75360645502647
2927,11.40090540858042
2928,51.659297766347755
2929,37.18833280514454
2930,26.52420127834165
2931,24.478465274231986
2932,14.451877390757028
2933,52.74476903087772
2934,9.856882226033612
2935,-22.475445980825164
2936,38.136744983140645
2937,9.015891519342123
2938,-9.136289350554643
2939,5.80152896009729
2940,1.812230068400428
2941,17.315837107040906
2942,35.92659433698421
2943,5.0344004932763795
2944,30.814445215742843
2945,43.12062433270334
2946,50.308633329818285
2947,24.574435657425973
2948,21.287713614432327
2949,0.7667860262448052
2950,42.83697525967868
2951,24.576932515684174
2952,-8.833223993004243
2953,-1.9003137958963627
2954,11.506566836314052
2955,51.46473827501171
2956,4.98238057400475
2957,28.403007571990607
2958,52.600764063684494
2959,49.10263926873846
2960,37.63100924086657
2961,74.58009169498914
2962,78.61670764091068
2963,30.666202201901893
2964,-14.382739551261942
2965,10.767361268239139
2966,53.12623414562692
2967,18.489624168934142
2968,87.97911558105588
2969,48.501122628240786
2970,44.55088346949253
2971,47.69301039825271
2972,63.13916595323178
2973,66.16658618398353
2974,37.348972618539655
2975,61.320057299000425
2976,71.64089788608041
2977,93.97435080433355
2978,114.84965356036528
2979,71.45033207520936
2980,115.29605294399377
2981,120.55789820634098
2982,99.80812069385136
2983,108.24183205671437
2984,57.8044372674521
2985,127.5683279072805
2986,110.91521167622446
2987,160.17672642244506
2988,111.00033458276604
2989,102.52692722109009
2990,126.10463723385928
2991,121.21226297456741
2992,144.04351615354963
2993,164.17345457345147
2994,204.7132561759176
2995,174.86721053227345
2996,190.79771491380097
2997,227.4825695510585
2998,262.27825076272575
2999,227.18794849950996
3000,233.0089443267875
3001,229.3308113678921
3002,240.95560755779337
3003,236.51161230333534
3004,254.38407294529026
3005,249.0225718174115
3006,267.18761065232957
3007,285.4924161732839
3008,304.7508890720802
3009,272.51011351784774
3010,379.6983602639728
3011,391.0362958419997
3012,334.9149411946153
3013,354.54154190350687
3014,362.0415054271953
3015,366.9861906648592
3016,397.6648225253769
3017,365.952603213795
3018,406.2153899508708
3019,438.17910275453767
3020,423.6101420482572
3021,413.3909409734171
3022,455.49148074079824
3023,389.88925507187946
3024,419.7109862832321
3025,447.20575449002865
3026,453.5533860476875
3027,495.38202312528523
3028,507.0766151195152
3029,511.38829355132265
3030,514.4292404151181
3031,535.3191650586472
3032,468.4620054884911
3033,552.1913927202929
3034,558.1809651604228
3035,596.0316832838444
3036,535.9518050923414
3037,576.2521130039564
3038,558.7844128461592
3039,557.9444944904519
3040,562.9579067939949
3041,593.8784720223572
3042,589.2121834536838
3043,657.1745537152183
3044,585.4312510973866
3045,578.4837585636973
3046,597.417434149681
3047,635.3815439323309
3048,607.1280794188768
3049,628.7515366140701
3050,617.533042281065
3051,595.0296520491568
3052,630.8265854800096
3053,592.8494790212618
3054,609.3910589505136
3055,586.4788093110731
3056,608.1263317607276
3057,593.9706455674044
3058,582.4990536195166
3059,549.5431790854822
3060,595.9668148702268
3061,614.8210139329627
3062,559.7395619592543
3063,527.479026468302
3064,529.7867036841888
3065,534.7643728517752
3066,586.3852837166219
3067,546.5482582149106
3068,540.7942013213415
3069,526.4085577255639
3070,539.777906226269
3071,532.7001437417434
3072,488.91183474220264
3073,499.3102046856838
3074,494.3524680067954
3075,475.733151427921
3076,473.5157049146701
3077,461.30305075020806
3078,470.21847630552116
3079,462.5710496068247
3080,456.27095053137333
3081,424.7059446786103
3082,386.29839241151967
3083,393.3490536912288
3084,385.72665438436377
3085,389.8083532903413
3086,350.520278527108
3087,318.5529855155315
3088,316.56024007751415
3089,318.41870066462474
3090,369.36626792589715
3091,334.2786703607473
3092,309.8761689332295
3093,290.85096052409335
3094,297.67815272798725
3095,302.1105373708257
3096,229.37374725579366
3097,274.44000414450045
3098,253.48642849435032
3099,239.2186984920884
3100,244.69720486271956
3101,247.25302285923283
3102,242.91824319282634
3103,231.21222593684314
3104,165.59257502868994
3105,175.13731226053628
3106,197.715646173963
3107,154.91150341054768
3108,174.69344081182257
3109,110.93068522128296
3110,158.78863236580995
3111,153.65291770031354
3112,156.68473759730915
3113,146.74191913163656
3114,124.10352574902382
3115,92.74731523547985
3116,108.09209692262436
3117,89.09651469409263
3118,127.92373551895014
3119,108.89177051043674
3120,135.4339564604774
3121,78.40852696257495
3122,84.12214874401249
3123,102.90192135775605
3124,114.61931775706846
3125,42.84767960132572
3126,73.24323557082695
3127,64.0264271899016
3128,91.11867342192059
3129,49.77963501814541
3130,75.52283390946045
3131,27.18669169419227
3132,107.45005796037714
3133,56.41053092250725
3134,35.35333334245497
3135,71.96266049911485
3136,1.5209270696159791
3137,34.17401578797353
3138,24.778687835270922
3139,5.294615869844247
3140,55.58547693593413
3141,40.496689163288266
3142,33.778873063622086
3143,8.188410688748991
3144,-18.017945218531935
3145,6.745542775875279
3146,-28.1472460959535
3147,56.32182246735508
3148,3.9884085006036365
3149,27.679164783478907
3150,-1.106512830656193
3151,19.015070605149415
3152,23.66395955556315
3153,-6.364045707705987
3154,15.559370589919455
3155,16.427416343914178
3156,13.086473954408106
3157,-0.3115246821950137
3158,11.303467742271257
3159,-28.928011113952316
3160,11.463773135574172
3161,17.920119410239668
3162,-0.5760864941070007
3163,-2.1252636544550985
3164,11.136529892704424
3165,-0.1817029227048188
3166,28.57986735509562
3167,14.011528034412901
3168,6.323966243117745
3169,47.032784041058434
3170,36.04794297651195
3171,49.72874269142068
3172,-19.38722699191669
3173,-11.807106458360423
3174,30.765555383122432
3175,37.90245670546729
3176,63.997758806113204
3177,23.447200647401935
3178,45.09760539981437
3179,8.438848904043876
3180,3.175202312351356
3181,-8.099496173121697
3182,4.000018501121975
3183,-7.804557931940291
3184,5.607142539572681
3185,-12.970465518673315
3186,-14.511736028732283
3187,19.06049551685395
3188,-38.746746374878455
3189,-4.850269140646274
3190,77.04790816751819
3191,-20.840057526379063
3192,61.39449161546929
3193,0.41760769850547064
3194,15.151861838760379
3195,-8.264230247260276
3196,-1.305932546476301
3197,2.913076263369083
3198,-64.24505696175777
3199,47.42590517279182
3200,15.993688046881484
3201,-23.727671917049648
3202,1.7469062673612346
3203,-42.509739026963565
3204,63.800207407955504
3205,37.84723522780665
3206,-0.4770880968412552
3207,10.595048343454472
3208,27.15369157252116
3209,18.98739602649542
3210,6.481836369414259
3211,18.25126447965429
3212,46.370050137636454
3213,31.58483821327988
3214,16.39316954385491
3215,51.99765305079701
3216,48.87009177610658
3217,-21.77833161070925
3218,-16.611139273546225
3219,7.8007684460387186
3220,6.652262049831506
3221,39.75117863696772
3222,4.968471542120486
3223,50.519546713727564
3224,71.10866653156592
3225,12.17900826508535
3226,12.711699910339648
3227,18.238185066490356
3228,29.603139889284144
3229,4.3264900559994475
3230,-14.709834775578148
3231,-14.885894189543672
3232,42.778640777462314
3233,6.4202894023270805
3234,-14.237996429457388
3235,2.860345137816502
3236,-3.978081036279642
3237,45.839539534144436
3238,-30.07516724527181
3239,30.901866290607778
3240,31.003150590848215
3241,7.649442648152412
3242,6.9417975504350355
3243,21.618942435855978
3244,51.459321617921745
3245,31.088904712202943
3246,14.351221965230334
3247,21.534258766131003
3248,12.119722248643328
3249,44.60165386602483
3250,24.05657150356034
3251,39.63270470252032
3252,17.362450264233864
3253,5.539631084246265
3254,-6.213607641859317
3255,27.364257646307795
3256,45.97363885545752
3257,23.361476183881653
3258,44.232392495417855
3259,20.8527053815329
3260,35.21626305364337
3261,9.35309557530909
3262,5.645230569843059
3263,14.800804926336475
3264,8.589213672022915
3265,-16.727170103816192
3266,44.433061283405586
3267,13.050095010894028
3268,-33.18270764624765
3269,-2.8096651448414534
3270,67.3909919667602
3271,2.501828669392351
3272,10.88888621564726
3273,21.60219819378058
3274,4.145841471272183
3275,23.101201972601814
3276,-8.908482696791436
3277,0.7447140315796403
3278,14.3607316101222
3279,10.612456929445594
3280,11.300287000221907
3281,-1.3096356839991437
3282,27.92832897658363
3283,-2.822140747389861
3284,9.776410978051441
3285,-42.330820038069874
3286,30.302859408179998
3287,6.088042164431906
3288,33.50010564671173
3289,-10.995764811896073
3290,40.95580502165938
3291,34.439754995202925
3292,-15.186983084287583
3293,-1.1774564625229562
3294,12.17014946619079
3295,37.24197833529695
3296,-7.0096890036922765
3297,22.985877688255897
3298,74.42125955310719
3299,10.816366577528697
3300,23.04041206879083
3301,13.011414407351298
3302,-1.890940629611718
3303,22.417640052242596
3304,9.117247412468602
3305,16.55537524388167
3306,34.20861405035857
3307,-17.981719159897857
3308,-1.4146425224688652
3309,-5.647150086610512
3310,24.727925950491944
3311,58.950887883665274
3312,10.722635035820037
3313,-5.226282096033273
3314,44.7911462659052
3315,17.683059625082514
3316,-13.621990923957275
3317,33.63353433999534
3318,34.666432417577624
3319,-11.168033803164468
3320,20.4739143987363
3321,-16.818451738491866
3322,-4.983141475511109
3323,10.164168361345672
3324,-6.642958731082393
3325,-24.227744514517624
3326,43.713583936967915
3327,34.527137208878244
3328,3.2872893081037375
3329,-10.333329568427752
3330,9.651376145053083
3331,13.595516170722822
3332,3.9629233924103087
3333,-18.444059297078702
3334,15.310939984229496
3335,-21.730090843950784
3336,-7.024060806266007
3337,-6.184089819111627
3338,3.7617927634402424
3339,64.33446784444163
3340,-4.154100091785944
3341,-14.341663221324607
3342,-28.55061438698541
3343,-27.098590884439197
3344,-3.174148425129628
3345,-0.4109510385506532
3346,22.804337943555545
3347,19.45438905559243
3348,33.851956147442536
3349,45.31784339439265
3350,19.349962478506576
3351,-27.696836915576636
3352,15.43613185255008
3353,37.494943230478015
3354,10.097311898930027
3355,29.267771748616752
3356,61.73433530125213
3357,3.0295556570496487
3358,3.5101892892073163
3359,-9.24477904796447
3360,-10.728362481821636
3361,48.37293786228408
3362,-8.69923037904725
3363,28.208440715235984
3364,-13.201592503972304
3365,11.672024024860093
3366,19.989233531048146
3367,10.32114182963312
3368,28.036998617260338
3369,15.573985949390819
3370,15.681586659963255
3371,9.457993277753975
3372,5.314644753864811
3373,9.250895152990147
3374,15.972925213844581
3375,-14.379781859183383
3376,48.665370217495834
3377,37.803908740402456
3378,29.270164166036643
3379,8.984162125158978
3380,54.3686818979469
3381,10.955474528351766
3382,37.539647669142404
3383,-24.386101865208026
3384,34.13087078290044
3385,0.1925142836126561
3386,25.93368220528881
3387,13.608037358640235
3388,-23.551807303705537
3389,44.547879046104754
3390,62.45884295895879
3391,5.5090366878004176
3392,-16.8873430182137
3393,52.03652881842435
3394,23.500456102701023
3395,-17.253001515528673
3396,-15.254406778743467
3397,11.704495491954608
3398,16.419880746984052
3399,-30.95110210536788
3400,24.667102252305178
